ERROR 2026-01-01 16:48:27,198 log 6256 6227341312 Internal Server Error: /api/stacks/
Traceback (most recent call last):
  File "/Users/islam/Dev2/JobPulse/backend/venv/lib/python3.13/site-packages/django/core/handlers/exception.py", line 55, in inner
    response = get_response(request)
  File "/Users/islam/Dev2/JobPulse/backend/venv/lib/python3.13/site-packages/django/core/handlers/base.py", line 197, in _get_response
    response = wrapped_callback(request, *callback_args, **callback_kwargs)
  File "/Users/islam/Dev2/JobPulse/backend/venv/lib/python3.13/site-packages/django/views/decorators/csrf.py", line 65, in _view_wrapper
    return view_func(request, *args, **kwargs)
  File "/Users/islam/Dev2/JobPulse/backend/venv/lib/python3.13/site-packages/rest_framework/viewsets.py", line 124, in view
    return self.dispatch(request, *args, **kwargs)
           ~~~~~~~~~~~~~^^^^^^^^^^^^^^^^^^^^^^^^^^
  File "/Users/islam/Dev2/JobPulse/backend/venv/lib/python3.13/site-packages/rest_framework/views.py", line 509, in dispatch
    response = self.handle_exception(exc)
  File "/Users/islam/Dev2/JobPulse/backend/venv/lib/python3.13/site-packages/rest_framework/views.py", line 469, in handle_exception
    self.raise_uncaught_exception(exc)
    ~~~~~~~~~~~~~~~~~~~~~~~~~~~~~^^^^^
  File "/Users/islam/Dev2/JobPulse/backend/venv/lib/python3.13/site-packages/rest_framework/views.py", line 480, in raise_uncaught_exception
    raise exc
  File "/Users/islam/Dev2/JobPulse/backend/venv/lib/python3.13/site-packages/rest_framework/views.py", line 506, in dispatch
    response = handler(request, *args, **kwargs)
  File "/Users/islam/Dev2/JobPulse/backend/venv/lib/python3.13/site-packages/django/utils/decorators.py", line 48, in _wrapper
    return bound_method(*args, **kwargs)
  File "/Users/islam/Dev2/JobPulse/backend/venv/lib/python3.13/site-packages/django/utils/decorators.py", line 188, in _view_wrapper
    result = _process_exception(request, e)
  File "/Users/islam/Dev2/JobPulse/backend/venv/lib/python3.13/site-packages/django/utils/decorators.py", line 186, in _view_wrapper
    response = view_func(request, *args, **kwargs)
  File "/Users/islam/Dev2/JobPulse/backend/apps/users/views.py", line 137, in list
    return super().list(request)
           ~~~~~~~~~~~~^^^^^^^^^
  File "/Users/islam/Dev2/JobPulse/backend/venv/lib/python3.13/site-packages/rest_framework/mixins.py", line 38, in list
    queryset = self.filter_queryset(self.get_queryset())
                                    ~~~~~~~~~~~~~~~~~^^
  File "/Users/islam/Dev2/JobPulse/backend/venv/lib/python3.13/site-packages/rest_framework/generics.py", line 67, in get_queryset
    assert self.queryset is not None, (
           ^^^^^^^^^^^^^^^^^^^^^^^^^
AssertionError: 'StackViewSet' should either include a `queryset` attribute, or override the `get_queryset()` method.
ERROR 2026-01-01 16:48:27,201 basehttp 6256 6227341312 "GET /api/stacks/ HTTP/1.1" 500 123467
ERROR 2026-01-01 16:48:28,786 log 6256 6244167680 Internal Server Error: /api/stacks/
Traceback (most recent call last):
  File "/Users/islam/Dev2/JobPulse/backend/venv/lib/python3.13/site-packages/django/core/handlers/exception.py", line 55, in inner
    response = get_response(request)
  File "/Users/islam/Dev2/JobPulse/backend/venv/lib/python3.13/site-packages/django/core/handlers/base.py", line 197, in _get_response
    response = wrapped_callback(request, *callback_args, **callback_kwargs)
  File "/Users/islam/Dev2/JobPulse/backend/venv/lib/python3.13/site-packages/django/views/decorators/csrf.py", line 65, in _view_wrapper
    return view_func(request, *args, **kwargs)
  File "/Users/islam/Dev2/JobPulse/backend/venv/lib/python3.13/site-packages/rest_framework/viewsets.py", line 124, in view
    return self.dispatch(request, *args, **kwargs)
           ~~~~~~~~~~~~~^^^^^^^^^^^^^^^^^^^^^^^^^^
  File "/Users/islam/Dev2/JobPulse/backend/venv/lib/python3.13/site-packages/rest_framework/views.py", line 509, in dispatch
    response = self.handle_exception(exc)
  File "/Users/islam/Dev2/JobPulse/backend/venv/lib/python3.13/site-packages/rest_framework/views.py", line 469, in handle_exception
    self.raise_uncaught_exception(exc)
    ~~~~~~~~~~~~~~~~~~~~~~~~~~~~~^^^^^
  File "/Users/islam/Dev2/JobPulse/backend/venv/lib/python3.13/site-packages/rest_framework/views.py", line 480, in raise_uncaught_exception
    raise exc
  File "/Users/islam/Dev2/JobPulse/backend/venv/lib/python3.13/site-packages/rest_framework/views.py", line 506, in dispatch
    response = handler(request, *args, **kwargs)
  File "/Users/islam/Dev2/JobPulse/backend/venv/lib/python3.13/site-packages/django/utils/decorators.py", line 48, in _wrapper
    return bound_method(*args, **kwargs)
  File "/Users/islam/Dev2/JobPulse/backend/venv/lib/python3.13/site-packages/django/utils/decorators.py", line 188, in _view_wrapper
    result = _process_exception(request, e)
  File "/Users/islam/Dev2/JobPulse/backend/venv/lib/python3.13/site-packages/django/utils/decorators.py", line 186, in _view_wrapper
    response = view_func(request, *args, **kwargs)
  File "/Users/islam/Dev2/JobPulse/backend/apps/users/views.py", line 137, in list
    return super().list(request)
           ~~~~~~~~~~~~^^^^^^^^^
  File "/Users/islam/Dev2/JobPulse/backend/venv/lib/python3.13/site-packages/rest_framework/mixins.py", line 38, in list
    queryset = self.filter_queryset(self.get_queryset())
                                    ~~~~~~~~~~~~~~~~~^^
  File "/Users/islam/Dev2/JobPulse/backend/venv/lib/python3.13/site-packages/rest_framework/generics.py", line 67, in get_queryset
    assert self.queryset is not None, (
           ^^^^^^^^^^^^^^^^^^^^^^^^^
AssertionError: 'StackViewSet' should either include a `queryset` attribute, or override the `get_queryset()` method.
ERROR 2026-01-01 16:48:28,788 basehttp 6256 6244167680 "GET /api/stacks/ HTTP/1.1" 500 123467
ERROR 2026-01-01 16:48:43,985 log 6256 6160035840 Internal Server Error: /api/stacks/
Traceback (most recent call last):
  File "/Users/islam/Dev2/JobPulse/backend/venv/lib/python3.13/site-packages/django/core/handlers/exception.py", line 55, in inner
    response = get_response(request)
  File "/Users/islam/Dev2/JobPulse/backend/venv/lib/python3.13/site-packages/django/core/handlers/base.py", line 197, in _get_response
    response = wrapped_callback(request, *callback_args, **callback_kwargs)
  File "/Users/islam/Dev2/JobPulse/backend/venv/lib/python3.13/site-packages/django/views/decorators/csrf.py", line 65, in _view_wrapper
    return view_func(request, *args, **kwargs)
  File "/Users/islam/Dev2/JobPulse/backend/venv/lib/python3.13/site-packages/rest_framework/viewsets.py", line 124, in view
    return self.dispatch(request, *args, **kwargs)
           ~~~~~~~~~~~~~^^^^^^^^^^^^^^^^^^^^^^^^^^
  File "/Users/islam/Dev2/JobPulse/backend/venv/lib/python3.13/site-packages/rest_framework/views.py", line 509, in dispatch
    response = self.handle_exception(exc)
  File "/Users/islam/Dev2/JobPulse/backend/venv/lib/python3.13/site-packages/rest_framework/views.py", line 469, in handle_exception
    self.raise_uncaught_exception(exc)
    ~~~~~~~~~~~~~~~~~~~~~~~~~~~~~^^^^^
  File "/Users/islam/Dev2/JobPulse/backend/venv/lib/python3.13/site-packages/rest_framework/views.py", line 480, in raise_uncaught_exception
    raise exc
  File "/Users/islam/Dev2/JobPulse/backend/venv/lib/python3.13/site-packages/rest_framework/views.py", line 506, in dispatch
    response = handler(request, *args, **kwargs)
  File "/Users/islam/Dev2/JobPulse/backend/venv/lib/python3.13/site-packages/django/utils/decorators.py", line 48, in _wrapper
    return bound_method(*args, **kwargs)
  File "/Users/islam/Dev2/JobPulse/backend/venv/lib/python3.13/site-packages/django/utils/decorators.py", line 188, in _view_wrapper
    result = _process_exception(request, e)
  File "/Users/islam/Dev2/JobPulse/backend/venv/lib/python3.13/site-packages/django/utils/decorators.py", line 186, in _view_wrapper
    response = view_func(request, *args, **kwargs)
  File "/Users/islam/Dev2/JobPulse/backend/apps/users/views.py", line 137, in list
    return super().list(request)
           ~~~~~~~~~~~~^^^^^^^^^
  File "/Users/islam/Dev2/JobPulse/backend/venv/lib/python3.13/site-packages/rest_framework/mixins.py", line 38, in list
    queryset = self.filter_queryset(self.get_queryset())
                                    ~~~~~~~~~~~~~~~~~^^
  File "/Users/islam/Dev2/JobPulse/backend/venv/lib/python3.13/site-packages/rest_framework/generics.py", line 67, in get_queryset
    assert self.queryset is not None, (
           ^^^^^^^^^^^^^^^^^^^^^^^^^
AssertionError: 'StackViewSet' should either include a `queryset` attribute, or override the `get_queryset()` method.
ERROR 2026-01-01 16:48:43,987 basehttp 6256 6160035840 "GET /api/stacks/ HTTP/1.1" 500 126664
ERROR 2026-01-02 20:43:46,115 signal 1900 8654178368 Signal handler <bound method DjangoFixup.on_import_modules of <celery.fixups.django.DjangoFixup object at 0x1053f1a90>> raised: ModuleNotFoundError("No module named 'django_filters'")
Traceback (most recent call last):
  File "/Users/islam/Dev2/JobPulse/backend/venv/lib/python3.13/site-packages/celery/utils/dispatch/signal.py", line 276, in send
    response = receiver(signal=self, sender=sender, **named)
  File "/Users/islam/Dev2/JobPulse/backend/venv/lib/python3.13/site-packages/celery/fixups/django.py", line 100, in on_import_modules
    self.worker_fixup.validate_models()
    ~~~~~~~~~~~~~~~~~~~~~~~~~~~~~~~~~^^
  File "/Users/islam/Dev2/JobPulse/backend/venv/lib/python3.13/site-packages/celery/fixups/django.py", line 138, in validate_models
    self.django_setup()
    ~~~~~~~~~~~~~~~~~^^
  File "/Users/islam/Dev2/JobPulse/backend/venv/lib/python3.13/site-packages/celery/fixups/django.py", line 134, in django_setup
    django.setup()
    ~~~~~~~~~~~~^^
  File "/Users/islam/Dev2/JobPulse/backend/venv/lib/python3.13/site-packages/django/__init__.py", line 24, in setup
    apps.populate(settings.INSTALLED_APPS)
    ~~~~~~~~~~~~~^^^^^^^^^^^^^^^^^^^^^^^^^
  File "/Users/islam/Dev2/JobPulse/backend/venv/lib/python3.13/site-packages/django/apps/registry.py", line 91, in populate
    app_config = AppConfig.create(entry)
  File "/Users/islam/Dev2/JobPulse/backend/venv/lib/python3.13/site-packages/django/apps/config.py", line 193, in create
    import_module(entry)
    ~~~~~~~~~~~~~^^^^^^^
  File "/Library/Frameworks/Python.framework/Versions/3.13/lib/python3.13/importlib/__init__.py", line 88, in import_module
    return _bootstrap._gcd_import(name[level:], package, level)
           ~~~~~~~~~~~~~~~~~~~~~~^^^^^^^^^^^^^^^^^^^^^^^^^^^^^^
  File "<frozen importlib._bootstrap>", line 1387, in _gcd_import
  File "<frozen importlib._bootstrap>", line 1360, in _find_and_load
  File "<frozen importlib._bootstrap>", line 1324, in _find_and_load_unlocked
ModuleNotFoundError: No module named 'django_filters'
ERROR 2026-01-02 20:43:46,117 signal 1903 8654178368 Signal handler <bound method DjangoFixup.on_import_modules of <celery.fixups.django.DjangoFixup object at 0x1027f1a90>> raised: ModuleNotFoundError("No module named 'django_filters'")
Traceback (most recent call last):
  File "/Users/islam/Dev2/JobPulse/backend/venv/lib/python3.13/site-packages/celery/utils/dispatch/signal.py", line 276, in send
    response = receiver(signal=self, sender=sender, **named)
  File "/Users/islam/Dev2/JobPulse/backend/venv/lib/python3.13/site-packages/celery/fixups/django.py", line 100, in on_import_modules
    self.worker_fixup.validate_models()
    ~~~~~~~~~~~~~~~~~~~~~~~~~~~~~~~~~^^
  File "/Users/islam/Dev2/JobPulse/backend/venv/lib/python3.13/site-packages/celery/fixups/django.py", line 138, in validate_models
    self.django_setup()
    ~~~~~~~~~~~~~~~~~^^
  File "/Users/islam/Dev2/JobPulse/backend/venv/lib/python3.13/site-packages/celery/fixups/django.py", line 134, in django_setup
    django.setup()
    ~~~~~~~~~~~~^^
  File "/Users/islam/Dev2/JobPulse/backend/venv/lib/python3.13/site-packages/django/__init__.py", line 24, in setup
    apps.populate(settings.INSTALLED_APPS)
    ~~~~~~~~~~~~~^^^^^^^^^^^^^^^^^^^^^^^^^
  File "/Users/islam/Dev2/JobPulse/backend/venv/lib/python3.13/site-packages/django/apps/registry.py", line 91, in populate
    app_config = AppConfig.create(entry)
  File "/Users/islam/Dev2/JobPulse/backend/venv/lib/python3.13/site-packages/django/apps/config.py", line 193, in create
    import_module(entry)
    ~~~~~~~~~~~~~^^^^^^^
  File "/Library/Frameworks/Python.framework/Versions/3.13/lib/python3.13/importlib/__init__.py", line 88, in import_module
    return _bootstrap._gcd_import(name[level:], package, level)
           ~~~~~~~~~~~~~~~~~~~~~~^^^^^^^^^^^^^^^^^^^^^^^^^^^^^^
  File "<frozen importlib._bootstrap>", line 1387, in _gcd_import
  File "<frozen importlib._bootstrap>", line 1360, in _find_and_load
  File "<frozen importlib._bootstrap>", line 1324, in _find_and_load_unlocked
ModuleNotFoundError: No module named 'django_filters'
ERROR 2026-01-02 20:43:46,117 signal 1900 8654178368 Signal handler <promise@0x1053f4690 --> <bound method Celery._autodiscover_tasks of <Celery jobpulse at 0x1053f1160>>> raised: AppRegistryNotReady("Apps aren't loaded yet.")
Traceback (most recent call last):
  File "/Users/islam/Dev2/JobPulse/backend/venv/lib/python3.13/site-packages/celery/utils/dispatch/signal.py", line 276, in send
    response = receiver(signal=self, sender=sender, **named)
  File "/Users/islam/Dev2/JobPulse/backend/venv/lib/python3.13/site-packages/vine/promises.py", line 161, in __call__
    return self.throw()
           ~~~~~~~~~~^^
  File "/Users/islam/Dev2/JobPulse/backend/venv/lib/python3.13/site-packages/vine/promises.py", line 158, in __call__
    retval = fun(*final_args, **final_kwargs)
  File "/Users/islam/Dev2/JobPulse/backend/venv/lib/python3.13/site-packages/celery/app/base.py", line 694, in _autodiscover_tasks
    return self._autodiscover_tasks_from_fixups(related_name)
           ~~~~~~~~~~~~~~~~~~~~~~~~~~~~~~~~~~~~^^^^^^^^^^^^^^
  File "/Users/islam/Dev2/JobPulse/backend/venv/lib/python3.13/site-packages/celery/app/base.py", line 706, in _autodiscover_tasks_from_fixups
    for pkg in fixup.autodiscover_tasks()
               ~~~~~~~~~~~~~~~~~~~~~~~~^^
  File "/Users/islam/Dev2/JobPulse/backend/venv/lib/python3.13/site-packages/celery/fixups/django.py", line 110, in autodiscover_tasks
    return [config.name for config in apps.get_app_configs()]
                                      ~~~~~~~~~~~~~~~~~~~~^^
  File "/Users/islam/Dev2/JobPulse/backend/venv/lib/python3.13/site-packages/django/apps/registry.py", line 147, in get_app_configs
    self.check_apps_ready()
    ~~~~~~~~~~~~~~~~~~~~~^^
  File "/Users/islam/Dev2/JobPulse/backend/venv/lib/python3.13/site-packages/django/apps/registry.py", line 138, in check_apps_ready
    raise AppRegistryNotReady("Apps aren't loaded yet.")
django.core.exceptions.AppRegistryNotReady: Apps aren't loaded yet.
ERROR 2026-01-02 20:43:46,118 signal 1903 8654178368 Signal handler <promise@0x1027f4690 --> <bound method Celery._autodiscover_tasks of <Celery jobpulse at 0x1027f1160>>> raised: AppRegistryNotReady("Apps aren't loaded yet.")
Traceback (most recent call last):
  File "/Users/islam/Dev2/JobPulse/backend/venv/lib/python3.13/site-packages/celery/utils/dispatch/signal.py", line 276, in send
    response = receiver(signal=self, sender=sender, **named)
  File "/Users/islam/Dev2/JobPulse/backend/venv/lib/python3.13/site-packages/vine/promises.py", line 161, in __call__
    return self.throw()
           ~~~~~~~~~~^^
  File "/Users/islam/Dev2/JobPulse/backend/venv/lib/python3.13/site-packages/vine/promises.py", line 158, in __call__
    retval = fun(*final_args, **final_kwargs)
  File "/Users/islam/Dev2/JobPulse/backend/venv/lib/python3.13/site-packages/celery/app/base.py", line 694, in _autodiscover_tasks
    return self._autodiscover_tasks_from_fixups(related_name)
           ~~~~~~~~~~~~~~~~~~~~~~~~~~~~~~~~~~~~^^^^^^^^^^^^^^
  File "/Users/islam/Dev2/JobPulse/backend/venv/lib/python3.13/site-packages/celery/app/base.py", line 706, in _autodiscover_tasks_from_fixups
    for pkg in fixup.autodiscover_tasks()
               ~~~~~~~~~~~~~~~~~~~~~~~~^^
  File "/Users/islam/Dev2/JobPulse/backend/venv/lib/python3.13/site-packages/celery/fixups/django.py", line 110, in autodiscover_tasks
    return [config.name for config in apps.get_app_configs()]
                                      ~~~~~~~~~~~~~~~~~~~~^^
  File "/Users/islam/Dev2/JobPulse/backend/venv/lib/python3.13/site-packages/django/apps/registry.py", line 147, in get_app_configs
    self.check_apps_ready()
    ~~~~~~~~~~~~~~~~~~~~~^^
  File "/Users/islam/Dev2/JobPulse/backend/venv/lib/python3.13/site-packages/django/apps/registry.py", line 138, in check_apps_ready
    raise AppRegistryNotReady("Apps aren't loaded yet.")
django.core.exceptions.AppRegistryNotReady: Apps aren't loaded yet.
ERROR 2026-01-02 20:56:55,388 signal 2340 8654178368 Signal handler <bound method DjangoFixup.on_import_modules of <celery.fixups.django.DjangoFixup object at 0x1032f1a90>> raised: ModuleNotFoundError("No module named 'django_filters'")
Traceback (most recent call last):
  File "/Users/islam/Dev2/JobPulse/backend/venv/lib/python3.13/site-packages/celery/utils/dispatch/signal.py", line 276, in send
    response = receiver(signal=self, sender=sender, **named)
  File "/Users/islam/Dev2/JobPulse/backend/venv/lib/python3.13/site-packages/celery/fixups/django.py", line 100, in on_import_modules
    self.worker_fixup.validate_models()
    ~~~~~~~~~~~~~~~~~~~~~~~~~~~~~~~~~^^
  File "/Users/islam/Dev2/JobPulse/backend/venv/lib/python3.13/site-packages/celery/fixups/django.py", line 138, in validate_models
    self.django_setup()
    ~~~~~~~~~~~~~~~~~^^
  File "/Users/islam/Dev2/JobPulse/backend/venv/lib/python3.13/site-packages/celery/fixups/django.py", line 134, in django_setup
    django.setup()
    ~~~~~~~~~~~~^^
  File "/Users/islam/Dev2/JobPulse/backend/venv/lib/python3.13/site-packages/django/__init__.py", line 24, in setup
    apps.populate(settings.INSTALLED_APPS)
    ~~~~~~~~~~~~~^^^^^^^^^^^^^^^^^^^^^^^^^
  File "/Users/islam/Dev2/JobPulse/backend/venv/lib/python3.13/site-packages/django/apps/registry.py", line 91, in populate
    app_config = AppConfig.create(entry)
  File "/Users/islam/Dev2/JobPulse/backend/venv/lib/python3.13/site-packages/django/apps/config.py", line 193, in create
    import_module(entry)
    ~~~~~~~~~~~~~^^^^^^^
  File "/Library/Frameworks/Python.framework/Versions/3.13/lib/python3.13/importlib/__init__.py", line 88, in import_module
    return _bootstrap._gcd_import(name[level:], package, level)
           ~~~~~~~~~~~~~~~~~~~~~~^^^^^^^^^^^^^^^^^^^^^^^^^^^^^^
  File "<frozen importlib._bootstrap>", line 1387, in _gcd_import
  File "<frozen importlib._bootstrap>", line 1360, in _find_and_load
  File "<frozen importlib._bootstrap>", line 1324, in _find_and_load_unlocked
ModuleNotFoundError: No module named 'django_filters'
ERROR 2026-01-02 20:56:55,390 signal 2331 8654178368 Signal handler <bound method DjangoFixup.on_import_modules of <celery.fixups.django.DjangoFixup object at 0x106ce5a90>> raised: ModuleNotFoundError("No module named 'django_filters'")
Traceback (most recent call last):
  File "/Users/islam/Dev2/JobPulse/backend/venv/lib/python3.13/site-packages/celery/utils/dispatch/signal.py", line 276, in send
    response = receiver(signal=self, sender=sender, **named)
  File "/Users/islam/Dev2/JobPulse/backend/venv/lib/python3.13/site-packages/celery/fixups/django.py", line 100, in on_import_modules
    self.worker_fixup.validate_models()
    ~~~~~~~~~~~~~~~~~~~~~~~~~~~~~~~~~^^
  File "/Users/islam/Dev2/JobPulse/backend/venv/lib/python3.13/site-packages/celery/fixups/django.py", line 138, in validate_models
    self.django_setup()
    ~~~~~~~~~~~~~~~~~^^
  File "/Users/islam/Dev2/JobPulse/backend/venv/lib/python3.13/site-packages/celery/fixups/django.py", line 134, in django_setup
    django.setup()
    ~~~~~~~~~~~~^^
  File "/Users/islam/Dev2/JobPulse/backend/venv/lib/python3.13/site-packages/django/__init__.py", line 24, in setup
    apps.populate(settings.INSTALLED_APPS)
    ~~~~~~~~~~~~~^^^^^^^^^^^^^^^^^^^^^^^^^
  File "/Users/islam/Dev2/JobPulse/backend/venv/lib/python3.13/site-packages/django/apps/registry.py", line 91, in populate
    app_config = AppConfig.create(entry)
  File "/Users/islam/Dev2/JobPulse/backend/venv/lib/python3.13/site-packages/django/apps/config.py", line 193, in create
    import_module(entry)
    ~~~~~~~~~~~~~^^^^^^^
  File "/Library/Frameworks/Python.framework/Versions/3.13/lib/python3.13/importlib/__init__.py", line 88, in import_module
    return _bootstrap._gcd_import(name[level:], package, level)
           ~~~~~~~~~~~~~~~~~~~~~~^^^^^^^^^^^^^^^^^^^^^^^^^^^^^^
  File "<frozen importlib._bootstrap>", line 1387, in _gcd_import
  File "<frozen importlib._bootstrap>", line 1360, in _find_and_load
  File "<frozen importlib._bootstrap>", line 1324, in _find_and_load_unlocked
ModuleNotFoundError: No module named 'django_filters'
ERROR 2026-01-02 20:56:55,391 signal 2331 8654178368 Signal handler <promise@0x106ce8690 --> <bound method Celery._autodiscover_tasks of <Celery jobpulse at 0x106ce5160>>> raised: AppRegistryNotReady("Apps aren't loaded yet.")
Traceback (most recent call last):
  File "/Users/islam/Dev2/JobPulse/backend/venv/lib/python3.13/site-packages/celery/utils/dispatch/signal.py", line 276, in send
    response = receiver(signal=self, sender=sender, **named)
  File "/Users/islam/Dev2/JobPulse/backend/venv/lib/python3.13/site-packages/vine/promises.py", line 161, in __call__
    return self.throw()
           ~~~~~~~~~~^^
  File "/Users/islam/Dev2/JobPulse/backend/venv/lib/python3.13/site-packages/vine/promises.py", line 158, in __call__
    retval = fun(*final_args, **final_kwargs)
  File "/Users/islam/Dev2/JobPulse/backend/venv/lib/python3.13/site-packages/celery/app/base.py", line 694, in _autodiscover_tasks
    return self._autodiscover_tasks_from_fixups(related_name)
           ~~~~~~~~~~~~~~~~~~~~~~~~~~~~~~~~~~~~^^^^^^^^^^^^^^
  File "/Users/islam/Dev2/JobPulse/backend/venv/lib/python3.13/site-packages/celery/app/base.py", line 706, in _autodiscover_tasks_from_fixups
    for pkg in fixup.autodiscover_tasks()
               ~~~~~~~~~~~~~~~~~~~~~~~~^^
  File "/Users/islam/Dev2/JobPulse/backend/venv/lib/python3.13/site-packages/celery/fixups/django.py", line 110, in autodiscover_tasks
    return [config.name for config in apps.get_app_configs()]
                                      ~~~~~~~~~~~~~~~~~~~~^^
  File "/Users/islam/Dev2/JobPulse/backend/venv/lib/python3.13/site-packages/django/apps/registry.py", line 147, in get_app_configs
    self.check_apps_ready()
    ~~~~~~~~~~~~~~~~~~~~~^^
  File "/Users/islam/Dev2/JobPulse/backend/venv/lib/python3.13/site-packages/django/apps/registry.py", line 138, in check_apps_ready
    raise AppRegistryNotReady("Apps aren't loaded yet.")
django.core.exceptions.AppRegistryNotReady: Apps aren't loaded yet.
ERROR 2026-01-02 20:56:55,391 signal 2340 8654178368 Signal handler <promise@0x1032f4690 --> <bound method Celery._autodiscover_tasks of <Celery jobpulse at 0x1032f1160>>> raised: AppRegistryNotReady("Apps aren't loaded yet.")
Traceback (most recent call last):
  File "/Users/islam/Dev2/JobPulse/backend/venv/lib/python3.13/site-packages/celery/utils/dispatch/signal.py", line 276, in send
    response = receiver(signal=self, sender=sender, **named)
  File "/Users/islam/Dev2/JobPulse/backend/venv/lib/python3.13/site-packages/vine/promises.py", line 161, in __call__
    return self.throw()
           ~~~~~~~~~~^^
  File "/Users/islam/Dev2/JobPulse/backend/venv/lib/python3.13/site-packages/vine/promises.py", line 158, in __call__
    retval = fun(*final_args, **final_kwargs)
  File "/Users/islam/Dev2/JobPulse/backend/venv/lib/python3.13/site-packages/celery/app/base.py", line 694, in _autodiscover_tasks
    return self._autodiscover_tasks_from_fixups(related_name)
           ~~~~~~~~~~~~~~~~~~~~~~~~~~~~~~~~~~~~^^^^^^^^^^^^^^
  File "/Users/islam/Dev2/JobPulse/backend/venv/lib/python3.13/site-packages/celery/app/base.py", line 706, in _autodiscover_tasks_from_fixups
    for pkg in fixup.autodiscover_tasks()
               ~~~~~~~~~~~~~~~~~~~~~~~~^^
  File "/Users/islam/Dev2/JobPulse/backend/venv/lib/python3.13/site-packages/celery/fixups/django.py", line 110, in autodiscover_tasks
    return [config.name for config in apps.get_app_configs()]
                                      ~~~~~~~~~~~~~~~~~~~~^^
  File "/Users/islam/Dev2/JobPulse/backend/venv/lib/python3.13/site-packages/django/apps/registry.py", line 147, in get_app_configs
    self.check_apps_ready()
    ~~~~~~~~~~~~~~~~~~~~~^^
  File "/Users/islam/Dev2/JobPulse/backend/venv/lib/python3.13/site-packages/django/apps/registry.py", line 138, in check_apps_ready
    raise AppRegistryNotReady("Apps aren't loaded yet.")
django.core.exceptions.AppRegistryNotReady: Apps aren't loaded yet.
ERROR 2026-01-02 20:57:37,549 signal 2456 8654178368 Signal handler <bound method DjangoFixup.on_import_modules of <celery.fixups.django.DjangoFixup object at 0x1024c1a90>> raised: ModuleNotFoundError("No module named 'django_filters'")
Traceback (most recent call last):
  File "/Users/islam/Dev2/JobPulse/backend/venv/lib/python3.13/site-packages/celery/utils/dispatch/signal.py", line 276, in send
    response = receiver(signal=self, sender=sender, **named)
  File "/Users/islam/Dev2/JobPulse/backend/venv/lib/python3.13/site-packages/celery/fixups/django.py", line 100, in on_import_modules
    self.worker_fixup.validate_models()
    ~~~~~~~~~~~~~~~~~~~~~~~~~~~~~~~~~^^
  File "/Users/islam/Dev2/JobPulse/backend/venv/lib/python3.13/site-packages/celery/fixups/django.py", line 138, in validate_models
    self.django_setup()
    ~~~~~~~~~~~~~~~~~^^
  File "/Users/islam/Dev2/JobPulse/backend/venv/lib/python3.13/site-packages/celery/fixups/django.py", line 134, in django_setup
    django.setup()
    ~~~~~~~~~~~~^^
  File "/Users/islam/Dev2/JobPulse/backend/venv/lib/python3.13/site-packages/django/__init__.py", line 24, in setup
    apps.populate(settings.INSTALLED_APPS)
    ~~~~~~~~~~~~~^^^^^^^^^^^^^^^^^^^^^^^^^
  File "/Users/islam/Dev2/JobPulse/backend/venv/lib/python3.13/site-packages/django/apps/registry.py", line 91, in populate
    app_config = AppConfig.create(entry)
  File "/Users/islam/Dev2/JobPulse/backend/venv/lib/python3.13/site-packages/django/apps/config.py", line 193, in create
    import_module(entry)
    ~~~~~~~~~~~~~^^^^^^^
  File "/Library/Frameworks/Python.framework/Versions/3.13/lib/python3.13/importlib/__init__.py", line 88, in import_module
    return _bootstrap._gcd_import(name[level:], package, level)
           ~~~~~~~~~~~~~~~~~~~~~~^^^^^^^^^^^^^^^^^^^^^^^^^^^^^^
  File "<frozen importlib._bootstrap>", line 1387, in _gcd_import
  File "<frozen importlib._bootstrap>", line 1360, in _find_and_load
  File "<frozen importlib._bootstrap>", line 1324, in _find_and_load_unlocked
ModuleNotFoundError: No module named 'django_filters'
ERROR 2026-01-02 20:57:37,549 signal 2467 8654178368 Signal handler <bound method DjangoFixup.on_import_modules of <celery.fixups.django.DjangoFixup object at 0x106f25a90>> raised: ModuleNotFoundError("No module named 'django_filters'")
Traceback (most recent call last):
  File "/Users/islam/Dev2/JobPulse/backend/venv/lib/python3.13/site-packages/celery/utils/dispatch/signal.py", line 276, in send
    response = receiver(signal=self, sender=sender, **named)
  File "/Users/islam/Dev2/JobPulse/backend/venv/lib/python3.13/site-packages/celery/fixups/django.py", line 100, in on_import_modules
    self.worker_fixup.validate_models()
    ~~~~~~~~~~~~~~~~~~~~~~~~~~~~~~~~~^^
  File "/Users/islam/Dev2/JobPulse/backend/venv/lib/python3.13/site-packages/celery/fixups/django.py", line 138, in validate_models
    self.django_setup()
    ~~~~~~~~~~~~~~~~~^^
  File "/Users/islam/Dev2/JobPulse/backend/venv/lib/python3.13/site-packages/celery/fixups/django.py", line 134, in django_setup
    django.setup()
    ~~~~~~~~~~~~^^
  File "/Users/islam/Dev2/JobPulse/backend/venv/lib/python3.13/site-packages/django/__init__.py", line 24, in setup
    apps.populate(settings.INSTALLED_APPS)
    ~~~~~~~~~~~~~^^^^^^^^^^^^^^^^^^^^^^^^^
  File "/Users/islam/Dev2/JobPulse/backend/venv/lib/python3.13/site-packages/django/apps/registry.py", line 91, in populate
    app_config = AppConfig.create(entry)
  File "/Users/islam/Dev2/JobPulse/backend/venv/lib/python3.13/site-packages/django/apps/config.py", line 193, in create
    import_module(entry)
    ~~~~~~~~~~~~~^^^^^^^
  File "/Library/Frameworks/Python.framework/Versions/3.13/lib/python3.13/importlib/__init__.py", line 88, in import_module
    return _bootstrap._gcd_import(name[level:], package, level)
           ~~~~~~~~~~~~~~~~~~~~~~^^^^^^^^^^^^^^^^^^^^^^^^^^^^^^
  File "<frozen importlib._bootstrap>", line 1387, in _gcd_import
  File "<frozen importlib._bootstrap>", line 1360, in _find_and_load
  File "<frozen importlib._bootstrap>", line 1324, in _find_and_load_unlocked
ModuleNotFoundError: No module named 'django_filters'
ERROR 2026-01-02 20:57:37,551 signal 2467 8654178368 Signal handler <promise@0x106f28690 --> <bound method Celery._autodiscover_tasks of <Celery jobpulse at 0x106f25160>>> raised: AppRegistryNotReady("Apps aren't loaded yet.")
Traceback (most recent call last):
  File "/Users/islam/Dev2/JobPulse/backend/venv/lib/python3.13/site-packages/celery/utils/dispatch/signal.py", line 276, in send
    response = receiver(signal=self, sender=sender, **named)
  File "/Users/islam/Dev2/JobPulse/backend/venv/lib/python3.13/site-packages/vine/promises.py", line 161, in __call__
    return self.throw()
           ~~~~~~~~~~^^
  File "/Users/islam/Dev2/JobPulse/backend/venv/lib/python3.13/site-packages/vine/promises.py", line 158, in __call__
    retval = fun(*final_args, **final_kwargs)
  File "/Users/islam/Dev2/JobPulse/backend/venv/lib/python3.13/site-packages/celery/app/base.py", line 694, in _autodiscover_tasks
    return self._autodiscover_tasks_from_fixups(related_name)
           ~~~~~~~~~~~~~~~~~~~~~~~~~~~~~~~~~~~~^^^^^^^^^^^^^^
  File "/Users/islam/Dev2/JobPulse/backend/venv/lib/python3.13/site-packages/celery/app/base.py", line 706, in _autodiscover_tasks_from_fixups
    for pkg in fixup.autodiscover_tasks()
               ~~~~~~~~~~~~~~~~~~~~~~~~^^
  File "/Users/islam/Dev2/JobPulse/backend/venv/lib/python3.13/site-packages/celery/fixups/django.py", line 110, in autodiscover_tasks
    return [config.name for config in apps.get_app_configs()]
                                      ~~~~~~~~~~~~~~~~~~~~^^
  File "/Users/islam/Dev2/JobPulse/backend/venv/lib/python3.13/site-packages/django/apps/registry.py", line 147, in get_app_configs
    self.check_apps_ready()
    ~~~~~~~~~~~~~~~~~~~~~^^
  File "/Users/islam/Dev2/JobPulse/backend/venv/lib/python3.13/site-packages/django/apps/registry.py", line 138, in check_apps_ready
    raise AppRegistryNotReady("Apps aren't loaded yet.")
django.core.exceptions.AppRegistryNotReady: Apps aren't loaded yet.
ERROR 2026-01-02 20:57:37,551 signal 2456 8654178368 Signal handler <promise@0x1024c4690 --> <bound method Celery._autodiscover_tasks of <Celery jobpulse at 0x1024c1160>>> raised: AppRegistryNotReady("Apps aren't loaded yet.")
Traceback (most recent call last):
  File "/Users/islam/Dev2/JobPulse/backend/venv/lib/python3.13/site-packages/celery/utils/dispatch/signal.py", line 276, in send
    response = receiver(signal=self, sender=sender, **named)
  File "/Users/islam/Dev2/JobPulse/backend/venv/lib/python3.13/site-packages/vine/promises.py", line 161, in __call__
    return self.throw()
           ~~~~~~~~~~^^
  File "/Users/islam/Dev2/JobPulse/backend/venv/lib/python3.13/site-packages/vine/promises.py", line 158, in __call__
    retval = fun(*final_args, **final_kwargs)
  File "/Users/islam/Dev2/JobPulse/backend/venv/lib/python3.13/site-packages/celery/app/base.py", line 694, in _autodiscover_tasks
    return self._autodiscover_tasks_from_fixups(related_name)
           ~~~~~~~~~~~~~~~~~~~~~~~~~~~~~~~~~~~~^^^^^^^^^^^^^^
  File "/Users/islam/Dev2/JobPulse/backend/venv/lib/python3.13/site-packages/celery/app/base.py", line 706, in _autodiscover_tasks_from_fixups
    for pkg in fixup.autodiscover_tasks()
               ~~~~~~~~~~~~~~~~~~~~~~~~^^
  File "/Users/islam/Dev2/JobPulse/backend/venv/lib/python3.13/site-packages/celery/fixups/django.py", line 110, in autodiscover_tasks
    return [config.name for config in apps.get_app_configs()]
                                      ~~~~~~~~~~~~~~~~~~~~^^
  File "/Users/islam/Dev2/JobPulse/backend/venv/lib/python3.13/site-packages/django/apps/registry.py", line 147, in get_app_configs
    self.check_apps_ready()
    ~~~~~~~~~~~~~~~~~~~~~^^
  File "/Users/islam/Dev2/JobPulse/backend/venv/lib/python3.13/site-packages/django/apps/registry.py", line 138, in check_apps_ready
    raise AppRegistryNotReady("Apps aren't loaded yet.")
django.core.exceptions.AppRegistryNotReady: Apps aren't loaded yet.
ERROR 2026-01-02 20:58:10,837 signal 2689 8654178368 Signal handler <bound method DjangoFixup.on_import_modules of <celery.fixups.django.DjangoFixup object at 0x1071f1a90>> raised: ModuleNotFoundError("No module named 'django_filters'")
Traceback (most recent call last):
  File "/Users/islam/Dev2/JobPulse/backend/venv/lib/python3.13/site-packages/celery/utils/dispatch/signal.py", line 276, in send
    response = receiver(signal=self, sender=sender, **named)
  File "/Users/islam/Dev2/JobPulse/backend/venv/lib/python3.13/site-packages/celery/fixups/django.py", line 100, in on_import_modules
    self.worker_fixup.validate_models()
    ~~~~~~~~~~~~~~~~~~~~~~~~~~~~~~~~~^^
  File "/Users/islam/Dev2/JobPulse/backend/venv/lib/python3.13/site-packages/celery/fixups/django.py", line 138, in validate_models
    self.django_setup()
    ~~~~~~~~~~~~~~~~~^^
  File "/Users/islam/Dev2/JobPulse/backend/venv/lib/python3.13/site-packages/celery/fixups/django.py", line 134, in django_setup
    django.setup()
    ~~~~~~~~~~~~^^
  File "/Users/islam/Dev2/JobPulse/backend/venv/lib/python3.13/site-packages/django/__init__.py", line 24, in setup
    apps.populate(settings.INSTALLED_APPS)
    ~~~~~~~~~~~~~^^^^^^^^^^^^^^^^^^^^^^^^^
  File "/Users/islam/Dev2/JobPulse/backend/venv/lib/python3.13/site-packages/django/apps/registry.py", line 91, in populate
    app_config = AppConfig.create(entry)
  File "/Users/islam/Dev2/JobPulse/backend/venv/lib/python3.13/site-packages/django/apps/config.py", line 193, in create
    import_module(entry)
    ~~~~~~~~~~~~~^^^^^^^
  File "/Library/Frameworks/Python.framework/Versions/3.13/lib/python3.13/importlib/__init__.py", line 88, in import_module
    return _bootstrap._gcd_import(name[level:], package, level)
           ~~~~~~~~~~~~~~~~~~~~~~^^^^^^^^^^^^^^^^^^^^^^^^^^^^^^
  File "<frozen importlib._bootstrap>", line 1387, in _gcd_import
  File "<frozen importlib._bootstrap>", line 1360, in _find_and_load
  File "<frozen importlib._bootstrap>", line 1324, in _find_and_load_unlocked
ModuleNotFoundError: No module named 'django_filters'
ERROR 2026-01-02 20:58:10,837 signal 2694 8654178368 Signal handler <bound method DjangoFixup.on_import_modules of <celery.fixups.django.DjangoFixup object at 0x106cf1a90>> raised: ModuleNotFoundError("No module named 'django_filters'")
Traceback (most recent call last):
  File "/Users/islam/Dev2/JobPulse/backend/venv/lib/python3.13/site-packages/celery/utils/dispatch/signal.py", line 276, in send
    response = receiver(signal=self, sender=sender, **named)
  File "/Users/islam/Dev2/JobPulse/backend/venv/lib/python3.13/site-packages/celery/fixups/django.py", line 100, in on_import_modules
    self.worker_fixup.validate_models()
    ~~~~~~~~~~~~~~~~~~~~~~~~~~~~~~~~~^^
  File "/Users/islam/Dev2/JobPulse/backend/venv/lib/python3.13/site-packages/celery/fixups/django.py", line 138, in validate_models
    self.django_setup()
    ~~~~~~~~~~~~~~~~~^^
  File "/Users/islam/Dev2/JobPulse/backend/venv/lib/python3.13/site-packages/celery/fixups/django.py", line 134, in django_setup
    django.setup()
    ~~~~~~~~~~~~^^
  File "/Users/islam/Dev2/JobPulse/backend/venv/lib/python3.13/site-packages/django/__init__.py", line 24, in setup
    apps.populate(settings.INSTALLED_APPS)
    ~~~~~~~~~~~~~^^^^^^^^^^^^^^^^^^^^^^^^^
  File "/Users/islam/Dev2/JobPulse/backend/venv/lib/python3.13/site-packages/django/apps/registry.py", line 91, in populate
    app_config = AppConfig.create(entry)
  File "/Users/islam/Dev2/JobPulse/backend/venv/lib/python3.13/site-packages/django/apps/config.py", line 193, in create
    import_module(entry)
    ~~~~~~~~~~~~~^^^^^^^
  File "/Library/Frameworks/Python.framework/Versions/3.13/lib/python3.13/importlib/__init__.py", line 88, in import_module
    return _bootstrap._gcd_import(name[level:], package, level)
           ~~~~~~~~~~~~~~~~~~~~~~^^^^^^^^^^^^^^^^^^^^^^^^^^^^^^
  File "<frozen importlib._bootstrap>", line 1387, in _gcd_import
  File "<frozen importlib._bootstrap>", line 1360, in _find_and_load
  File "<frozen importlib._bootstrap>", line 1324, in _find_and_load_unlocked
ModuleNotFoundError: No module named 'django_filters'
ERROR 2026-01-02 20:58:10,838 signal 2689 8654178368 Signal handler <promise@0x1071f4690 --> <bound method Celery._autodiscover_tasks of <Celery jobpulse at 0x1071f1160>>> raised: AppRegistryNotReady("Apps aren't loaded yet.")
Traceback (most recent call last):
  File "/Users/islam/Dev2/JobPulse/backend/venv/lib/python3.13/site-packages/celery/utils/dispatch/signal.py", line 276, in send
    response = receiver(signal=self, sender=sender, **named)
  File "/Users/islam/Dev2/JobPulse/backend/venv/lib/python3.13/site-packages/vine/promises.py", line 161, in __call__
    return self.throw()
           ~~~~~~~~~~^^
  File "/Users/islam/Dev2/JobPulse/backend/venv/lib/python3.13/site-packages/vine/promises.py", line 158, in __call__
    retval = fun(*final_args, **final_kwargs)
  File "/Users/islam/Dev2/JobPulse/backend/venv/lib/python3.13/site-packages/celery/app/base.py", line 694, in _autodiscover_tasks
    return self._autodiscover_tasks_from_fixups(related_name)
           ~~~~~~~~~~~~~~~~~~~~~~~~~~~~~~~~~~~~^^^^^^^^^^^^^^
  File "/Users/islam/Dev2/JobPulse/backend/venv/lib/python3.13/site-packages/celery/app/base.py", line 706, in _autodiscover_tasks_from_fixups
    for pkg in fixup.autodiscover_tasks()
               ~~~~~~~~~~~~~~~~~~~~~~~~^^
  File "/Users/islam/Dev2/JobPulse/backend/venv/lib/python3.13/site-packages/celery/fixups/django.py", line 110, in autodiscover_tasks
    return [config.name for config in apps.get_app_configs()]
                                      ~~~~~~~~~~~~~~~~~~~~^^
  File "/Users/islam/Dev2/JobPulse/backend/venv/lib/python3.13/site-packages/django/apps/registry.py", line 147, in get_app_configs
    self.check_apps_ready()
    ~~~~~~~~~~~~~~~~~~~~~^^
  File "/Users/islam/Dev2/JobPulse/backend/venv/lib/python3.13/site-packages/django/apps/registry.py", line 138, in check_apps_ready
    raise AppRegistryNotReady("Apps aren't loaded yet.")
django.core.exceptions.AppRegistryNotReady: Apps aren't loaded yet.
ERROR 2026-01-02 20:58:10,838 signal 2694 8654178368 Signal handler <promise@0x106cf4690 --> <bound method Celery._autodiscover_tasks of <Celery jobpulse at 0x106cf1160>>> raised: AppRegistryNotReady("Apps aren't loaded yet.")
Traceback (most recent call last):
  File "/Users/islam/Dev2/JobPulse/backend/venv/lib/python3.13/site-packages/celery/utils/dispatch/signal.py", line 276, in send
    response = receiver(signal=self, sender=sender, **named)
  File "/Users/islam/Dev2/JobPulse/backend/venv/lib/python3.13/site-packages/vine/promises.py", line 161, in __call__
    return self.throw()
           ~~~~~~~~~~^^
  File "/Users/islam/Dev2/JobPulse/backend/venv/lib/python3.13/site-packages/vine/promises.py", line 158, in __call__
    retval = fun(*final_args, **final_kwargs)
  File "/Users/islam/Dev2/JobPulse/backend/venv/lib/python3.13/site-packages/celery/app/base.py", line 694, in _autodiscover_tasks
    return self._autodiscover_tasks_from_fixups(related_name)
           ~~~~~~~~~~~~~~~~~~~~~~~~~~~~~~~~~~~~^^^^^^^^^^^^^^
  File "/Users/islam/Dev2/JobPulse/backend/venv/lib/python3.13/site-packages/celery/app/base.py", line 706, in _autodiscover_tasks_from_fixups
    for pkg in fixup.autodiscover_tasks()
               ~~~~~~~~~~~~~~~~~~~~~~~~^^
  File "/Users/islam/Dev2/JobPulse/backend/venv/lib/python3.13/site-packages/celery/fixups/django.py", line 110, in autodiscover_tasks
    return [config.name for config in apps.get_app_configs()]
                                      ~~~~~~~~~~~~~~~~~~~~^^
  File "/Users/islam/Dev2/JobPulse/backend/venv/lib/python3.13/site-packages/django/apps/registry.py", line 147, in get_app_configs
    self.check_apps_ready()
    ~~~~~~~~~~~~~~~~~~~~~^^
  File "/Users/islam/Dev2/JobPulse/backend/venv/lib/python3.13/site-packages/django/apps/registry.py", line 138, in check_apps_ready
    raise AppRegistryNotReady("Apps aren't loaded yet.")
django.core.exceptions.AppRegistryNotReady: Apps aren't loaded yet.
ERROR 2026-01-02 22:15:49,959 log 5594 6164131840 Internal Server Error: /admin/broadcastprompt/broadcastmessage/
Traceback (most recent call last):
  File "/Users/islam/Dev2/JobPulse/backend/venv/lib/python3.13/site-packages/django/db/models/options.py", line 684, in get_field
    return self.fields_map[field_name]
           ~~~~~~~~~~~~~~~^^^^^^^^^^^^
KeyError: 'status_badge'

During handling of the above exception, another exception occurred:

Traceback (most recent call last):
  File "/Users/islam/Dev2/JobPulse/backend/venv/lib/python3.13/site-packages/django/contrib/admin/utils.py", line 293, in lookup_field
    f = _get_non_gfk_field(opts, name)
  File "/Users/islam/Dev2/JobPulse/backend/venv/lib/python3.13/site-packages/django/contrib/admin/utils.py", line 333, in _get_non_gfk_field
    field = opts.get_field(name)
  File "/Users/islam/Dev2/JobPulse/backend/venv/lib/python3.13/site-packages/django/db/models/options.py", line 686, in get_field
    raise FieldDoesNotExist(
        "%s has no field named '%s'" % (self.object_name, field_name)
    )
django.core.exceptions.FieldDoesNotExist: BroadcastMessage has no field named 'status_badge'

During handling of the above exception, another exception occurred:

Traceback (most recent call last):
  File "/Users/islam/Dev2/JobPulse/backend/venv/lib/python3.13/site-packages/django/core/handlers/exception.py", line 55, in inner
    response = get_response(request)
  File "/Users/islam/Dev2/JobPulse/backend/venv/lib/python3.13/site-packages/django/core/handlers/base.py", line 221, in _get_response
    response = response.render()
  File "/Users/islam/Dev2/JobPulse/backend/venv/lib/python3.13/site-packages/django/template/response.py", line 114, in render
    self.content = self.rendered_content
                   ^^^^^^^^^^^^^^^^^^^^^
  File "/Users/islam/Dev2/JobPulse/backend/venv/lib/python3.13/site-packages/django/template/response.py", line 92, in rendered_content
    return template.render(context, self._request)
           ~~~~~~~~~~~~~~~^^^^^^^^^^^^^^^^^^^^^^^^
  File "/Users/islam/Dev2/JobPulse/backend/venv/lib/python3.13/site-packages/django/template/backends/django.py", line 107, in render
    return self.template.render(context)
           ~~~~~~~~~~~~~~~~~~~~^^^^^^^^^
  File "/Users/islam/Dev2/JobPulse/backend/venv/lib/python3.13/site-packages/django/template/base.py", line 174, in render
    return self._render(context)
           ~~~~~~~~~~~~^^^^^^^^^
  File "/Users/islam/Dev2/JobPulse/backend/venv/lib/python3.13/site-packages/django/test/utils.py", line 114, in instrumented_test_render
    return self.nodelist.render(context)
           ~~~~~~~~~~~~~~~~~~~~^^^^^^^^^
  File "/Users/islam/Dev2/JobPulse/backend/venv/lib/python3.13/site-packages/django/template/base.py", line 1091, in render
    return SafeString("".join([node.render_annotated(context) for node in self]))
                               ~~~~~~~~~~~~~~~~~~~~~^^^^^^^^^
  File "/Users/islam/Dev2/JobPulse/backend/venv/lib/python3.13/site-packages/django/template/base.py", line 1052, in render_annotated
    return self.render(context)
           ~~~~~~~~~~~^^^^^^^^^
  File "/Users/islam/Dev2/JobPulse/backend/venv/lib/python3.13/site-packages/django/template/loader_tags.py", line 160, in render
    return compiled_parent._render(context)
           ~~~~~~~~~~~~~~~~~~~~~~~^^^^^^^^^
  File "/Users/islam/Dev2/JobPulse/backend/venv/lib/python3.13/site-packages/django/test/utils.py", line 114, in instrumented_test_render
    return self.nodelist.render(context)
           ~~~~~~~~~~~~~~~~~~~~^^^^^^^^^
  File "/Users/islam/Dev2/JobPulse/backend/venv/lib/python3.13/site-packages/django/template/base.py", line 1091, in render
    return SafeString("".join([node.render_annotated(context) for node in self]))
                               ~~~~~~~~~~~~~~~~~~~~~^^^^^^^^^
  File "/Users/islam/Dev2/JobPulse/backend/venv/lib/python3.13/site-packages/django/template/base.py", line 1052, in render_annotated
    return self.render(context)
           ~~~~~~~~~~~^^^^^^^^^
  File "/Users/islam/Dev2/JobPulse/backend/venv/lib/python3.13/site-packages/django/template/loader_tags.py", line 160, in render
    return compiled_parent._render(context)
           ~~~~~~~~~~~~~~~~~~~~~~~^^^^^^^^^
  File "/Users/islam/Dev2/JobPulse/backend/venv/lib/python3.13/site-packages/django/test/utils.py", line 114, in instrumented_test_render
    return self.nodelist.render(context)
           ~~~~~~~~~~~~~~~~~~~~^^^^^^^^^
  File "/Users/islam/Dev2/JobPulse/backend/venv/lib/python3.13/site-packages/django/template/base.py", line 1091, in render
    return SafeString("".join([node.render_annotated(context) for node in self]))
                               ~~~~~~~~~~~~~~~~~~~~~^^^^^^^^^
  File "/Users/islam/Dev2/JobPulse/backend/venv/lib/python3.13/site-packages/django/template/base.py", line 1052, in render_annotated
    return self.render(context)
           ~~~~~~~~~~~^^^^^^^^^
  File "/Users/islam/Dev2/JobPulse/backend/venv/lib/python3.13/site-packages/django/template/loader_tags.py", line 66, in render
    result = block.nodelist.render(context)
  File "/Users/islam/Dev2/JobPulse/backend/venv/lib/python3.13/site-packages/django/template/base.py", line 1091, in render
    return SafeString("".join([node.render_annotated(context) for node in self]))
                               ~~~~~~~~~~~~~~~~~~~~~^^^^^^^^^
  File "/Users/islam/Dev2/JobPulse/backend/venv/lib/python3.13/site-packages/django/template/base.py", line 1052, in render_annotated
    return self.render(context)
           ~~~~~~~~~~~^^^^^^^^^
  File "/Users/islam/Dev2/JobPulse/backend/venv/lib/python3.13/site-packages/django/template/loader_tags.py", line 66, in render
    result = block.nodelist.render(context)
  File "/Users/islam/Dev2/JobPulse/backend/venv/lib/python3.13/site-packages/django/template/base.py", line 1091, in render
    return SafeString("".join([node.render_annotated(context) for node in self]))
                               ~~~~~~~~~~~~~~~~~~~~~^^^^^^^^^
  File "/Users/islam/Dev2/JobPulse/backend/venv/lib/python3.13/site-packages/django/template/base.py", line 1052, in render_annotated
    return self.render(context)
           ~~~~~~~~~~~^^^^^^^^^
  File "/Users/islam/Dev2/JobPulse/backend/venv/lib/python3.13/site-packages/django/template/loader_tags.py", line 66, in render
    result = block.nodelist.render(context)
  File "/Users/islam/Dev2/JobPulse/backend/venv/lib/python3.13/site-packages/django/template/base.py", line 1091, in render
    return SafeString("".join([node.render_annotated(context) for node in self]))
                               ~~~~~~~~~~~~~~~~~~~~~^^^^^^^^^
  File "/Users/islam/Dev2/JobPulse/backend/venv/lib/python3.13/site-packages/django/template/base.py", line 1052, in render_annotated
    return self.render(context)
           ~~~~~~~~~~~^^^^^^^^^
  File "/Users/islam/Dev2/JobPulse/backend/venv/lib/python3.13/site-packages/django/contrib/admin/templatetags/base.py", line 47, in render
    return super().render(context)
           ~~~~~~~~~~~~~~^^^^^^^^^
  File "/Users/islam/Dev2/JobPulse/backend/venv/lib/python3.13/site-packages/django/template/library.py", line 363, in render
    _dict = self.func(*resolved_args, **resolved_kwargs)
  File "/Users/islam/Dev2/JobPulse/backend/venv/lib/python3.13/site-packages/django/contrib/admin/templatetags/admin_list.py", line 357, in result_list
    "results": list(results(cl)),
               ~~~~^^^^^^^^^^^^^
  File "/Users/islam/Dev2/JobPulse/backend/venv/lib/python3.13/site-packages/django/contrib/admin/templatetags/admin_list.py", line 333, in results
    yield ResultList(None, items_for_result(cl, res, None))
          ~~~~~~~~~~^^^^^^^^^^^^^^^^^^^^^^^^^^^^^^^^^^^^^^^
  File "/Users/islam/Dev2/JobPulse/backend/venv/lib/python3.13/site-packages/django/contrib/admin/templatetags/admin_list.py", line 324, in __init__
    super().__init__(*items)
    ~~~~~~~~~~~~~~~~^^^^^^^^
  File "/Users/islam/Dev2/JobPulse/backend/venv/lib/python3.13/site-packages/django/contrib/admin/templatetags/admin_list.py", line 221, in items_for_result
    f, attr, value = lookup_field(field_name, result, cl.model_admin)
                     ~~~~~~~~~~~~^^^^^^^^^^^^^^^^^^^^^^^^^^^^^^^^^^^^
  File "/Users/islam/Dev2/JobPulse/backend/venv/lib/python3.13/site-packages/django/contrib/admin/utils.py", line 302, in lookup_field
    value = attr(obj)
  File "/Users/islam/Dev2/JobPulse/backend/apps/broadcastprompt/admin.py", line 50, in status_badge
    return format_html(
        '<span style="color: orange; font-weight: bold;">● Черновик</span>'
    )
  File "/Users/islam/Dev2/JobPulse/backend/venv/lib/python3.13/site-packages/django/utils/html.py", line 137, in format_html
    raise TypeError("args or kwargs must be provided.")
TypeError: args or kwargs must be provided.
ERROR 2026-01-02 22:15:49,962 log 5594 6164131840 "GET /admin/broadcastprompt/broadcastmessage/ HTTP/1.1" 500 435992
ERROR 2026-01-02 22:17:15,182 log 5697 6202241024 Internal Server Error: /admin/broadcastprompt/broadcastmessage/
Traceback (most recent call last):
  File "/Users/islam/Dev2/JobPulse/backend/venv/lib/python3.13/site-packages/django/db/models/options.py", line 684, in get_field
    return self.fields_map[field_name]
           ~~~~~~~~~~~~~~~^^^^^^^^^^^^
KeyError: 'status_badge'

During handling of the above exception, another exception occurred:

Traceback (most recent call last):
  File "/Users/islam/Dev2/JobPulse/backend/venv/lib/python3.13/site-packages/django/contrib/admin/utils.py", line 293, in lookup_field
    f = _get_non_gfk_field(opts, name)
  File "/Users/islam/Dev2/JobPulse/backend/venv/lib/python3.13/site-packages/django/contrib/admin/utils.py", line 333, in _get_non_gfk_field
    field = opts.get_field(name)
  File "/Users/islam/Dev2/JobPulse/backend/venv/lib/python3.13/site-packages/django/db/models/options.py", line 686, in get_field
    raise FieldDoesNotExist(
        "%s has no field named '%s'" % (self.object_name, field_name)
    )
django.core.exceptions.FieldDoesNotExist: BroadcastMessage has no field named 'status_badge'

During handling of the above exception, another exception occurred:

Traceback (most recent call last):
  File "/Users/islam/Dev2/JobPulse/backend/venv/lib/python3.13/site-packages/django/core/handlers/exception.py", line 55, in inner
    response = get_response(request)
  File "/Users/islam/Dev2/JobPulse/backend/venv/lib/python3.13/site-packages/django/core/handlers/base.py", line 221, in _get_response
    response = response.render()
  File "/Users/islam/Dev2/JobPulse/backend/venv/lib/python3.13/site-packages/django/template/response.py", line 114, in render
    self.content = self.rendered_content
                   ^^^^^^^^^^^^^^^^^^^^^
  File "/Users/islam/Dev2/JobPulse/backend/venv/lib/python3.13/site-packages/django/template/response.py", line 92, in rendered_content
    return template.render(context, self._request)
           ~~~~~~~~~~~~~~~^^^^^^^^^^^^^^^^^^^^^^^^
  File "/Users/islam/Dev2/JobPulse/backend/venv/lib/python3.13/site-packages/django/template/backends/django.py", line 107, in render
    return self.template.render(context)
           ~~~~~~~~~~~~~~~~~~~~^^^^^^^^^
  File "/Users/islam/Dev2/JobPulse/backend/venv/lib/python3.13/site-packages/django/template/base.py", line 174, in render
    return self._render(context)
           ~~~~~~~~~~~~^^^^^^^^^
  File "/Users/islam/Dev2/JobPulse/backend/venv/lib/python3.13/site-packages/django/test/utils.py", line 114, in instrumented_test_render
    return self.nodelist.render(context)
           ~~~~~~~~~~~~~~~~~~~~^^^^^^^^^
  File "/Users/islam/Dev2/JobPulse/backend/venv/lib/python3.13/site-packages/django/template/base.py", line 1091, in render
    return SafeString("".join([node.render_annotated(context) for node in self]))
                               ~~~~~~~~~~~~~~~~~~~~~^^^^^^^^^
  File "/Users/islam/Dev2/JobPulse/backend/venv/lib/python3.13/site-packages/django/template/base.py", line 1052, in render_annotated
    return self.render(context)
           ~~~~~~~~~~~^^^^^^^^^
  File "/Users/islam/Dev2/JobPulse/backend/venv/lib/python3.13/site-packages/django/template/loader_tags.py", line 160, in render
    return compiled_parent._render(context)
           ~~~~~~~~~~~~~~~~~~~~~~~^^^^^^^^^
  File "/Users/islam/Dev2/JobPulse/backend/venv/lib/python3.13/site-packages/django/test/utils.py", line 114, in instrumented_test_render
    return self.nodelist.render(context)
           ~~~~~~~~~~~~~~~~~~~~^^^^^^^^^
  File "/Users/islam/Dev2/JobPulse/backend/venv/lib/python3.13/site-packages/django/template/base.py", line 1091, in render
    return SafeString("".join([node.render_annotated(context) for node in self]))
                               ~~~~~~~~~~~~~~~~~~~~~^^^^^^^^^
  File "/Users/islam/Dev2/JobPulse/backend/venv/lib/python3.13/site-packages/django/template/base.py", line 1052, in render_annotated
    return self.render(context)
           ~~~~~~~~~~~^^^^^^^^^
  File "/Users/islam/Dev2/JobPulse/backend/venv/lib/python3.13/site-packages/django/template/loader_tags.py", line 160, in render
    return compiled_parent._render(context)
           ~~~~~~~~~~~~~~~~~~~~~~~^^^^^^^^^
  File "/Users/islam/Dev2/JobPulse/backend/venv/lib/python3.13/site-packages/django/test/utils.py", line 114, in instrumented_test_render
    return self.nodelist.render(context)
           ~~~~~~~~~~~~~~~~~~~~^^^^^^^^^
  File "/Users/islam/Dev2/JobPulse/backend/venv/lib/python3.13/site-packages/django/template/base.py", line 1091, in render
    return SafeString("".join([node.render_annotated(context) for node in self]))
                               ~~~~~~~~~~~~~~~~~~~~~^^^^^^^^^
  File "/Users/islam/Dev2/JobPulse/backend/venv/lib/python3.13/site-packages/django/template/base.py", line 1052, in render_annotated
    return self.render(context)
           ~~~~~~~~~~~^^^^^^^^^
  File "/Users/islam/Dev2/JobPulse/backend/venv/lib/python3.13/site-packages/django/template/loader_tags.py", line 66, in render
    result = block.nodelist.render(context)
  File "/Users/islam/Dev2/JobPulse/backend/venv/lib/python3.13/site-packages/django/template/base.py", line 1091, in render
    return SafeString("".join([node.render_annotated(context) for node in self]))
                               ~~~~~~~~~~~~~~~~~~~~~^^^^^^^^^
  File "/Users/islam/Dev2/JobPulse/backend/venv/lib/python3.13/site-packages/django/template/base.py", line 1052, in render_annotated
    return self.render(context)
           ~~~~~~~~~~~^^^^^^^^^
  File "/Users/islam/Dev2/JobPulse/backend/venv/lib/python3.13/site-packages/django/template/loader_tags.py", line 66, in render
    result = block.nodelist.render(context)
  File "/Users/islam/Dev2/JobPulse/backend/venv/lib/python3.13/site-packages/django/template/base.py", line 1091, in render
    return SafeString("".join([node.render_annotated(context) for node in self]))
                               ~~~~~~~~~~~~~~~~~~~~~^^^^^^^^^
  File "/Users/islam/Dev2/JobPulse/backend/venv/lib/python3.13/site-packages/django/template/base.py", line 1052, in render_annotated
    return self.render(context)
           ~~~~~~~~~~~^^^^^^^^^
  File "/Users/islam/Dev2/JobPulse/backend/venv/lib/python3.13/site-packages/django/template/loader_tags.py", line 66, in render
    result = block.nodelist.render(context)
  File "/Users/islam/Dev2/JobPulse/backend/venv/lib/python3.13/site-packages/django/template/base.py", line 1091, in render
    return SafeString("".join([node.render_annotated(context) for node in self]))
                               ~~~~~~~~~~~~~~~~~~~~~^^^^^^^^^
  File "/Users/islam/Dev2/JobPulse/backend/venv/lib/python3.13/site-packages/django/template/base.py", line 1052, in render_annotated
    return self.render(context)
           ~~~~~~~~~~~^^^^^^^^^
  File "/Users/islam/Dev2/JobPulse/backend/venv/lib/python3.13/site-packages/django/contrib/admin/templatetags/base.py", line 47, in render
    return super().render(context)
           ~~~~~~~~~~~~~~^^^^^^^^^
  File "/Users/islam/Dev2/JobPulse/backend/venv/lib/python3.13/site-packages/django/template/library.py", line 363, in render
    _dict = self.func(*resolved_args, **resolved_kwargs)
  File "/Users/islam/Dev2/JobPulse/backend/venv/lib/python3.13/site-packages/django/contrib/admin/templatetags/admin_list.py", line 357, in result_list
    "results": list(results(cl)),
               ~~~~^^^^^^^^^^^^^
  File "/Users/islam/Dev2/JobPulse/backend/venv/lib/python3.13/site-packages/django/contrib/admin/templatetags/admin_list.py", line 333, in results
    yield ResultList(None, items_for_result(cl, res, None))
          ~~~~~~~~~~^^^^^^^^^^^^^^^^^^^^^^^^^^^^^^^^^^^^^^^
  File "/Users/islam/Dev2/JobPulse/backend/venv/lib/python3.13/site-packages/django/contrib/admin/templatetags/admin_list.py", line 324, in __init__
    super().__init__(*items)
    ~~~~~~~~~~~~~~~~^^^^^^^^
  File "/Users/islam/Dev2/JobPulse/backend/venv/lib/python3.13/site-packages/django/contrib/admin/templatetags/admin_list.py", line 221, in items_for_result
    f, attr, value = lookup_field(field_name, result, cl.model_admin)
                     ~~~~~~~~~~~~^^^^^^^^^^^^^^^^^^^^^^^^^^^^^^^^^^^^
  File "/Users/islam/Dev2/JobPulse/backend/venv/lib/python3.13/site-packages/django/contrib/admin/utils.py", line 302, in lookup_field
    value = attr(obj)
  File "/Users/islam/Dev2/JobPulse/backend/apps/broadcastprompt/admin.py", line 50, in status_badge
    return format_html(
        '<span style="color: orange; font-weight: bold;">● Черновик</span>'
    )
  File "/Users/islam/Dev2/JobPulse/backend/venv/lib/python3.13/site-packages/django/utils/html.py", line 137, in format_html
    raise TypeError("args or kwargs must be provided.")
TypeError: args or kwargs must be provided.
ERROR 2026-01-02 22:17:15,186 log 5697 6202241024 "GET /admin/broadcastprompt/broadcastmessage/ HTTP/1.1" 500 435704
ERROR 2026-01-02 22:18:35,721 log 5761 6163247104 Internal Server Error: /admin/broadcastprompt/broadcastmessage/
Traceback (most recent call last):
  File "/Users/islam/Dev2/JobPulse/backend/venv/lib/python3.13/site-packages/django/db/models/options.py", line 684, in get_field
    return self.fields_map[field_name]
           ~~~~~~~~~~~~~~~^^^^^^^^^^^^
KeyError: 'status_badge'

During handling of the above exception, another exception occurred:

Traceback (most recent call last):
  File "/Users/islam/Dev2/JobPulse/backend/venv/lib/python3.13/site-packages/django/contrib/admin/utils.py", line 293, in lookup_field
    f = _get_non_gfk_field(opts, name)
  File "/Users/islam/Dev2/JobPulse/backend/venv/lib/python3.13/site-packages/django/contrib/admin/utils.py", line 333, in _get_non_gfk_field
    field = opts.get_field(name)
  File "/Users/islam/Dev2/JobPulse/backend/venv/lib/python3.13/site-packages/django/db/models/options.py", line 686, in get_field
    raise FieldDoesNotExist(
        "%s has no field named '%s'" % (self.object_name, field_name)
    )
django.core.exceptions.FieldDoesNotExist: BroadcastMessage has no field named 'status_badge'

During handling of the above exception, another exception occurred:

Traceback (most recent call last):
  File "/Users/islam/Dev2/JobPulse/backend/venv/lib/python3.13/site-packages/django/core/handlers/exception.py", line 55, in inner
    response = get_response(request)
  File "/Users/islam/Dev2/JobPulse/backend/venv/lib/python3.13/site-packages/django/core/handlers/base.py", line 221, in _get_response
    response = response.render()
  File "/Users/islam/Dev2/JobPulse/backend/venv/lib/python3.13/site-packages/django/template/response.py", line 114, in render
    self.content = self.rendered_content
                   ^^^^^^^^^^^^^^^^^^^^^
  File "/Users/islam/Dev2/JobPulse/backend/venv/lib/python3.13/site-packages/django/template/response.py", line 92, in rendered_content
    return template.render(context, self._request)
           ~~~~~~~~~~~~~~~^^^^^^^^^^^^^^^^^^^^^^^^
  File "/Users/islam/Dev2/JobPulse/backend/venv/lib/python3.13/site-packages/django/template/backends/django.py", line 107, in render
    return self.template.render(context)
           ~~~~~~~~~~~~~~~~~~~~^^^^^^^^^
  File "/Users/islam/Dev2/JobPulse/backend/venv/lib/python3.13/site-packages/django/template/base.py", line 174, in render
    return self._render(context)
           ~~~~~~~~~~~~^^^^^^^^^
  File "/Users/islam/Dev2/JobPulse/backend/venv/lib/python3.13/site-packages/django/test/utils.py", line 114, in instrumented_test_render
    return self.nodelist.render(context)
           ~~~~~~~~~~~~~~~~~~~~^^^^^^^^^
  File "/Users/islam/Dev2/JobPulse/backend/venv/lib/python3.13/site-packages/django/template/base.py", line 1091, in render
    return SafeString("".join([node.render_annotated(context) for node in self]))
                               ~~~~~~~~~~~~~~~~~~~~~^^^^^^^^^
  File "/Users/islam/Dev2/JobPulse/backend/venv/lib/python3.13/site-packages/django/template/base.py", line 1052, in render_annotated
    return self.render(context)
           ~~~~~~~~~~~^^^^^^^^^
  File "/Users/islam/Dev2/JobPulse/backend/venv/lib/python3.13/site-packages/django/template/loader_tags.py", line 160, in render
    return compiled_parent._render(context)
           ~~~~~~~~~~~~~~~~~~~~~~~^^^^^^^^^
  File "/Users/islam/Dev2/JobPulse/backend/venv/lib/python3.13/site-packages/django/test/utils.py", line 114, in instrumented_test_render
    return self.nodelist.render(context)
           ~~~~~~~~~~~~~~~~~~~~^^^^^^^^^
  File "/Users/islam/Dev2/JobPulse/backend/venv/lib/python3.13/site-packages/django/template/base.py", line 1091, in render
    return SafeString("".join([node.render_annotated(context) for node in self]))
                               ~~~~~~~~~~~~~~~~~~~~~^^^^^^^^^
  File "/Users/islam/Dev2/JobPulse/backend/venv/lib/python3.13/site-packages/django/template/base.py", line 1052, in render_annotated
    return self.render(context)
           ~~~~~~~~~~~^^^^^^^^^
  File "/Users/islam/Dev2/JobPulse/backend/venv/lib/python3.13/site-packages/django/template/loader_tags.py", line 160, in render
    return compiled_parent._render(context)
           ~~~~~~~~~~~~~~~~~~~~~~~^^^^^^^^^
  File "/Users/islam/Dev2/JobPulse/backend/venv/lib/python3.13/site-packages/django/test/utils.py", line 114, in instrumented_test_render
    return self.nodelist.render(context)
           ~~~~~~~~~~~~~~~~~~~~^^^^^^^^^
  File "/Users/islam/Dev2/JobPulse/backend/venv/lib/python3.13/site-packages/django/template/base.py", line 1091, in render
    return SafeString("".join([node.render_annotated(context) for node in self]))
                               ~~~~~~~~~~~~~~~~~~~~~^^^^^^^^^
  File "/Users/islam/Dev2/JobPulse/backend/venv/lib/python3.13/site-packages/django/template/base.py", line 1052, in render_annotated
    return self.render(context)
           ~~~~~~~~~~~^^^^^^^^^
  File "/Users/islam/Dev2/JobPulse/backend/venv/lib/python3.13/site-packages/django/template/loader_tags.py", line 66, in render
    result = block.nodelist.render(context)
  File "/Users/islam/Dev2/JobPulse/backend/venv/lib/python3.13/site-packages/django/template/base.py", line 1091, in render
    return SafeString("".join([node.render_annotated(context) for node in self]))
                               ~~~~~~~~~~~~~~~~~~~~~^^^^^^^^^
  File "/Users/islam/Dev2/JobPulse/backend/venv/lib/python3.13/site-packages/django/template/base.py", line 1052, in render_annotated
    return self.render(context)
           ~~~~~~~~~~~^^^^^^^^^
  File "/Users/islam/Dev2/JobPulse/backend/venv/lib/python3.13/site-packages/django/template/loader_tags.py", line 66, in render
    result = block.nodelist.render(context)
  File "/Users/islam/Dev2/JobPulse/backend/venv/lib/python3.13/site-packages/django/template/base.py", line 1091, in render
    return SafeString("".join([node.render_annotated(context) for node in self]))
                               ~~~~~~~~~~~~~~~~~~~~~^^^^^^^^^
  File "/Users/islam/Dev2/JobPulse/backend/venv/lib/python3.13/site-packages/django/template/base.py", line 1052, in render_annotated
    return self.render(context)
           ~~~~~~~~~~~^^^^^^^^^
  File "/Users/islam/Dev2/JobPulse/backend/venv/lib/python3.13/site-packages/django/template/loader_tags.py", line 66, in render
    result = block.nodelist.render(context)
  File "/Users/islam/Dev2/JobPulse/backend/venv/lib/python3.13/site-packages/django/template/base.py", line 1091, in render
    return SafeString("".join([node.render_annotated(context) for node in self]))
                               ~~~~~~~~~~~~~~~~~~~~~^^^^^^^^^
  File "/Users/islam/Dev2/JobPulse/backend/venv/lib/python3.13/site-packages/django/template/base.py", line 1052, in render_annotated
    return self.render(context)
           ~~~~~~~~~~~^^^^^^^^^
  File "/Users/islam/Dev2/JobPulse/backend/venv/lib/python3.13/site-packages/django/contrib/admin/templatetags/base.py", line 47, in render
    return super().render(context)
           ~~~~~~~~~~~~~~^^^^^^^^^
  File "/Users/islam/Dev2/JobPulse/backend/venv/lib/python3.13/site-packages/django/template/library.py", line 363, in render
    _dict = self.func(*resolved_args, **resolved_kwargs)
  File "/Users/islam/Dev2/JobPulse/backend/venv/lib/python3.13/site-packages/django/contrib/admin/templatetags/admin_list.py", line 357, in result_list
    "results": list(results(cl)),
               ~~~~^^^^^^^^^^^^^
  File "/Users/islam/Dev2/JobPulse/backend/venv/lib/python3.13/site-packages/django/contrib/admin/templatetags/admin_list.py", line 333, in results
    yield ResultList(None, items_for_result(cl, res, None))
          ~~~~~~~~~~^^^^^^^^^^^^^^^^^^^^^^^^^^^^^^^^^^^^^^^
  File "/Users/islam/Dev2/JobPulse/backend/venv/lib/python3.13/site-packages/django/contrib/admin/templatetags/admin_list.py", line 324, in __init__
    super().__init__(*items)
    ~~~~~~~~~~~~~~~~^^^^^^^^
  File "/Users/islam/Dev2/JobPulse/backend/venv/lib/python3.13/site-packages/django/contrib/admin/templatetags/admin_list.py", line 221, in items_for_result
    f, attr, value = lookup_field(field_name, result, cl.model_admin)
                     ~~~~~~~~~~~~^^^^^^^^^^^^^^^^^^^^^^^^^^^^^^^^^^^^
  File "/Users/islam/Dev2/JobPulse/backend/venv/lib/python3.13/site-packages/django/contrib/admin/utils.py", line 302, in lookup_field
    value = attr(obj)
  File "/Users/islam/Dev2/JobPulse/backend/apps/broadcastprompt/admin.py", line 50, in status_badge
    return format_html(
        '<span style="color: orange; font-weight: bold;">● Черновик</span>'
    )
  File "/Users/islam/Dev2/JobPulse/backend/venv/lib/python3.13/site-packages/django/utils/html.py", line 137, in format_html
    raise TypeError("args or kwargs must be provided.")
TypeError: args or kwargs must be provided.
ERROR 2026-01-02 22:18:35,724 log 5761 6163247104 "GET /admin/broadcastprompt/broadcastmessage/ HTTP/1.1" 500 435392
ERROR 2026-01-02 22:19:10,532 log 5821 6132412416 Internal Server Error: /admin/broadcastprompt/broadcastmessage/
Traceback (most recent call last):
  File "/Users/islam/Dev2/JobPulse/backend/venv/lib/python3.13/site-packages/django/db/models/options.py", line 684, in get_field
    return self.fields_map[field_name]
           ~~~~~~~~~~~~~~~^^^^^^^^^^^^
KeyError: 'status_badge'

During handling of the above exception, another exception occurred:

Traceback (most recent call last):
  File "/Users/islam/Dev2/JobPulse/backend/venv/lib/python3.13/site-packages/django/contrib/admin/utils.py", line 293, in lookup_field
    f = _get_non_gfk_field(opts, name)
  File "/Users/islam/Dev2/JobPulse/backend/venv/lib/python3.13/site-packages/django/contrib/admin/utils.py", line 333, in _get_non_gfk_field
    field = opts.get_field(name)
  File "/Users/islam/Dev2/JobPulse/backend/venv/lib/python3.13/site-packages/django/db/models/options.py", line 686, in get_field
    raise FieldDoesNotExist(
        "%s has no field named '%s'" % (self.object_name, field_name)
    )
django.core.exceptions.FieldDoesNotExist: BroadcastMessage has no field named 'status_badge'

During handling of the above exception, another exception occurred:

Traceback (most recent call last):
  File "/Users/islam/Dev2/JobPulse/backend/venv/lib/python3.13/site-packages/django/core/handlers/exception.py", line 55, in inner
    response = get_response(request)
  File "/Users/islam/Dev2/JobPulse/backend/venv/lib/python3.13/site-packages/django/core/handlers/base.py", line 221, in _get_response
    response = response.render()
  File "/Users/islam/Dev2/JobPulse/backend/venv/lib/python3.13/site-packages/django/template/response.py", line 114, in render
    self.content = self.rendered_content
                   ^^^^^^^^^^^^^^^^^^^^^
  File "/Users/islam/Dev2/JobPulse/backend/venv/lib/python3.13/site-packages/django/template/response.py", line 92, in rendered_content
    return template.render(context, self._request)
           ~~~~~~~~~~~~~~~^^^^^^^^^^^^^^^^^^^^^^^^
  File "/Users/islam/Dev2/JobPulse/backend/venv/lib/python3.13/site-packages/django/template/backends/django.py", line 107, in render
    return self.template.render(context)
           ~~~~~~~~~~~~~~~~~~~~^^^^^^^^^
  File "/Users/islam/Dev2/JobPulse/backend/venv/lib/python3.13/site-packages/django/template/base.py", line 174, in render
    return self._render(context)
           ~~~~~~~~~~~~^^^^^^^^^
  File "/Users/islam/Dev2/JobPulse/backend/venv/lib/python3.13/site-packages/django/test/utils.py", line 114, in instrumented_test_render
    return self.nodelist.render(context)
           ~~~~~~~~~~~~~~~~~~~~^^^^^^^^^
  File "/Users/islam/Dev2/JobPulse/backend/venv/lib/python3.13/site-packages/django/template/base.py", line 1091, in render
    return SafeString("".join([node.render_annotated(context) for node in self]))
                               ~~~~~~~~~~~~~~~~~~~~~^^^^^^^^^
  File "/Users/islam/Dev2/JobPulse/backend/venv/lib/python3.13/site-packages/django/template/base.py", line 1052, in render_annotated
    return self.render(context)
           ~~~~~~~~~~~^^^^^^^^^
  File "/Users/islam/Dev2/JobPulse/backend/venv/lib/python3.13/site-packages/django/template/loader_tags.py", line 160, in render
    return compiled_parent._render(context)
           ~~~~~~~~~~~~~~~~~~~~~~~^^^^^^^^^
  File "/Users/islam/Dev2/JobPulse/backend/venv/lib/python3.13/site-packages/django/test/utils.py", line 114, in instrumented_test_render
    return self.nodelist.render(context)
           ~~~~~~~~~~~~~~~~~~~~^^^^^^^^^
  File "/Users/islam/Dev2/JobPulse/backend/venv/lib/python3.13/site-packages/django/template/base.py", line 1091, in render
    return SafeString("".join([node.render_annotated(context) for node in self]))
                               ~~~~~~~~~~~~~~~~~~~~~^^^^^^^^^
  File "/Users/islam/Dev2/JobPulse/backend/venv/lib/python3.13/site-packages/django/template/base.py", line 1052, in render_annotated
    return self.render(context)
           ~~~~~~~~~~~^^^^^^^^^
  File "/Users/islam/Dev2/JobPulse/backend/venv/lib/python3.13/site-packages/django/template/loader_tags.py", line 160, in render
    return compiled_parent._render(context)
           ~~~~~~~~~~~~~~~~~~~~~~~^^^^^^^^^
  File "/Users/islam/Dev2/JobPulse/backend/venv/lib/python3.13/site-packages/django/test/utils.py", line 114, in instrumented_test_render
    return self.nodelist.render(context)
           ~~~~~~~~~~~~~~~~~~~~^^^^^^^^^
  File "/Users/islam/Dev2/JobPulse/backend/venv/lib/python3.13/site-packages/django/template/base.py", line 1091, in render
    return SafeString("".join([node.render_annotated(context) for node in self]))
                               ~~~~~~~~~~~~~~~~~~~~~^^^^^^^^^
  File "/Users/islam/Dev2/JobPulse/backend/venv/lib/python3.13/site-packages/django/template/base.py", line 1052, in render_annotated
    return self.render(context)
           ~~~~~~~~~~~^^^^^^^^^
  File "/Users/islam/Dev2/JobPulse/backend/venv/lib/python3.13/site-packages/django/template/loader_tags.py", line 66, in render
    result = block.nodelist.render(context)
  File "/Users/islam/Dev2/JobPulse/backend/venv/lib/python3.13/site-packages/django/template/base.py", line 1091, in render
    return SafeString("".join([node.render_annotated(context) for node in self]))
                               ~~~~~~~~~~~~~~~~~~~~~^^^^^^^^^
  File "/Users/islam/Dev2/JobPulse/backend/venv/lib/python3.13/site-packages/django/template/base.py", line 1052, in render_annotated
    return self.render(context)
           ~~~~~~~~~~~^^^^^^^^^
  File "/Users/islam/Dev2/JobPulse/backend/venv/lib/python3.13/site-packages/django/template/loader_tags.py", line 66, in render
    result = block.nodelist.render(context)
  File "/Users/islam/Dev2/JobPulse/backend/venv/lib/python3.13/site-packages/django/template/base.py", line 1091, in render
    return SafeString("".join([node.render_annotated(context) for node in self]))
                               ~~~~~~~~~~~~~~~~~~~~~^^^^^^^^^
  File "/Users/islam/Dev2/JobPulse/backend/venv/lib/python3.13/site-packages/django/template/base.py", line 1052, in render_annotated
    return self.render(context)
           ~~~~~~~~~~~^^^^^^^^^
  File "/Users/islam/Dev2/JobPulse/backend/venv/lib/python3.13/site-packages/django/template/loader_tags.py", line 66, in render
    result = block.nodelist.render(context)
  File "/Users/islam/Dev2/JobPulse/backend/venv/lib/python3.13/site-packages/django/template/base.py", line 1091, in render
    return SafeString("".join([node.render_annotated(context) for node in self]))
                               ~~~~~~~~~~~~~~~~~~~~~^^^^^^^^^
  File "/Users/islam/Dev2/JobPulse/backend/venv/lib/python3.13/site-packages/django/template/base.py", line 1052, in render_annotated
    return self.render(context)
           ~~~~~~~~~~~^^^^^^^^^
  File "/Users/islam/Dev2/JobPulse/backend/venv/lib/python3.13/site-packages/django/contrib/admin/templatetags/base.py", line 47, in render
    return super().render(context)
           ~~~~~~~~~~~~~~^^^^^^^^^
  File "/Users/islam/Dev2/JobPulse/backend/venv/lib/python3.13/site-packages/django/template/library.py", line 363, in render
    _dict = self.func(*resolved_args, **resolved_kwargs)
  File "/Users/islam/Dev2/JobPulse/backend/venv/lib/python3.13/site-packages/django/contrib/admin/templatetags/admin_list.py", line 357, in result_list
    "results": list(results(cl)),
               ~~~~^^^^^^^^^^^^^
  File "/Users/islam/Dev2/JobPulse/backend/venv/lib/python3.13/site-packages/django/contrib/admin/templatetags/admin_list.py", line 333, in results
    yield ResultList(None, items_for_result(cl, res, None))
          ~~~~~~~~~~^^^^^^^^^^^^^^^^^^^^^^^^^^^^^^^^^^^^^^^
  File "/Users/islam/Dev2/JobPulse/backend/venv/lib/python3.13/site-packages/django/contrib/admin/templatetags/admin_list.py", line 324, in __init__
    super().__init__(*items)
    ~~~~~~~~~~~~~~~~^^^^^^^^
  File "/Users/islam/Dev2/JobPulse/backend/venv/lib/python3.13/site-packages/django/contrib/admin/templatetags/admin_list.py", line 221, in items_for_result
    f, attr, value = lookup_field(field_name, result, cl.model_admin)
                     ~~~~~~~~~~~~^^^^^^^^^^^^^^^^^^^^^^^^^^^^^^^^^^^^
  File "/Users/islam/Dev2/JobPulse/backend/venv/lib/python3.13/site-packages/django/contrib/admin/utils.py", line 302, in lookup_field
    value = attr(obj)
  File "/Users/islam/Dev2/JobPulse/backend/apps/broadcastprompt/admin.py", line 50, in status_badge
    return format_html(
        '<span style="color: orange; font-weight: bold;">● Черновик</span>'
    )
  File "/Users/islam/Dev2/JobPulse/backend/venv/lib/python3.13/site-packages/django/utils/html.py", line 137, in format_html
    raise TypeError("args or kwargs must be provided.")
TypeError: args or kwargs must be provided.
ERROR 2026-01-02 22:19:10,535 log 5821 6132412416 "GET /admin/broadcastprompt/broadcastmessage/ HTTP/1.1" 500 434515
ERROR 2026-01-02 22:19:11,158 log 5821 6132412416 Internal Server Error: /admin/broadcastprompt/broadcastmessage/
Traceback (most recent call last):
  File "/Users/islam/Dev2/JobPulse/backend/venv/lib/python3.13/site-packages/django/db/models/options.py", line 684, in get_field
    return self.fields_map[field_name]
           ~~~~~~~~~~~~~~~^^^^^^^^^^^^
KeyError: 'status_badge'

During handling of the above exception, another exception occurred:

Traceback (most recent call last):
  File "/Users/islam/Dev2/JobPulse/backend/venv/lib/python3.13/site-packages/django/contrib/admin/utils.py", line 293, in lookup_field
    f = _get_non_gfk_field(opts, name)
  File "/Users/islam/Dev2/JobPulse/backend/venv/lib/python3.13/site-packages/django/contrib/admin/utils.py", line 333, in _get_non_gfk_field
    field = opts.get_field(name)
  File "/Users/islam/Dev2/JobPulse/backend/venv/lib/python3.13/site-packages/django/db/models/options.py", line 686, in get_field
    raise FieldDoesNotExist(
        "%s has no field named '%s'" % (self.object_name, field_name)
    )
django.core.exceptions.FieldDoesNotExist: BroadcastMessage has no field named 'status_badge'

During handling of the above exception, another exception occurred:

Traceback (most recent call last):
  File "/Users/islam/Dev2/JobPulse/backend/venv/lib/python3.13/site-packages/django/core/handlers/exception.py", line 55, in inner
    response = get_response(request)
  File "/Users/islam/Dev2/JobPulse/backend/venv/lib/python3.13/site-packages/django/core/handlers/base.py", line 221, in _get_response
    response = response.render()
  File "/Users/islam/Dev2/JobPulse/backend/venv/lib/python3.13/site-packages/django/template/response.py", line 114, in render
    self.content = self.rendered_content
                   ^^^^^^^^^^^^^^^^^^^^^
  File "/Users/islam/Dev2/JobPulse/backend/venv/lib/python3.13/site-packages/django/template/response.py", line 92, in rendered_content
    return template.render(context, self._request)
           ~~~~~~~~~~~~~~~^^^^^^^^^^^^^^^^^^^^^^^^
  File "/Users/islam/Dev2/JobPulse/backend/venv/lib/python3.13/site-packages/django/template/backends/django.py", line 107, in render
    return self.template.render(context)
           ~~~~~~~~~~~~~~~~~~~~^^^^^^^^^
  File "/Users/islam/Dev2/JobPulse/backend/venv/lib/python3.13/site-packages/django/template/base.py", line 174, in render
    return self._render(context)
           ~~~~~~~~~~~~^^^^^^^^^
  File "/Users/islam/Dev2/JobPulse/backend/venv/lib/python3.13/site-packages/django/test/utils.py", line 114, in instrumented_test_render
    return self.nodelist.render(context)
           ~~~~~~~~~~~~~~~~~~~~^^^^^^^^^
  File "/Users/islam/Dev2/JobPulse/backend/venv/lib/python3.13/site-packages/django/template/base.py", line 1091, in render
    return SafeString("".join([node.render_annotated(context) for node in self]))
                               ~~~~~~~~~~~~~~~~~~~~~^^^^^^^^^
  File "/Users/islam/Dev2/JobPulse/backend/venv/lib/python3.13/site-packages/django/template/base.py", line 1052, in render_annotated
    return self.render(context)
           ~~~~~~~~~~~^^^^^^^^^
  File "/Users/islam/Dev2/JobPulse/backend/venv/lib/python3.13/site-packages/django/template/loader_tags.py", line 160, in render
    return compiled_parent._render(context)
           ~~~~~~~~~~~~~~~~~~~~~~~^^^^^^^^^
  File "/Users/islam/Dev2/JobPulse/backend/venv/lib/python3.13/site-packages/django/test/utils.py", line 114, in instrumented_test_render
    return self.nodelist.render(context)
           ~~~~~~~~~~~~~~~~~~~~^^^^^^^^^
  File "/Users/islam/Dev2/JobPulse/backend/venv/lib/python3.13/site-packages/django/template/base.py", line 1091, in render
    return SafeString("".join([node.render_annotated(context) for node in self]))
                               ~~~~~~~~~~~~~~~~~~~~~^^^^^^^^^
  File "/Users/islam/Dev2/JobPulse/backend/venv/lib/python3.13/site-packages/django/template/base.py", line 1052, in render_annotated
    return self.render(context)
           ~~~~~~~~~~~^^^^^^^^^
  File "/Users/islam/Dev2/JobPulse/backend/venv/lib/python3.13/site-packages/django/template/loader_tags.py", line 160, in render
    return compiled_parent._render(context)
           ~~~~~~~~~~~~~~~~~~~~~~~^^^^^^^^^
  File "/Users/islam/Dev2/JobPulse/backend/venv/lib/python3.13/site-packages/django/test/utils.py", line 114, in instrumented_test_render
    return self.nodelist.render(context)
           ~~~~~~~~~~~~~~~~~~~~^^^^^^^^^
  File "/Users/islam/Dev2/JobPulse/backend/venv/lib/python3.13/site-packages/django/template/base.py", line 1091, in render
    return SafeString("".join([node.render_annotated(context) for node in self]))
                               ~~~~~~~~~~~~~~~~~~~~~^^^^^^^^^
  File "/Users/islam/Dev2/JobPulse/backend/venv/lib/python3.13/site-packages/django/template/base.py", line 1052, in render_annotated
    return self.render(context)
           ~~~~~~~~~~~^^^^^^^^^
  File "/Users/islam/Dev2/JobPulse/backend/venv/lib/python3.13/site-packages/django/template/loader_tags.py", line 66, in render
    result = block.nodelist.render(context)
  File "/Users/islam/Dev2/JobPulse/backend/venv/lib/python3.13/site-packages/django/template/base.py", line 1091, in render
    return SafeString("".join([node.render_annotated(context) for node in self]))
                               ~~~~~~~~~~~~~~~~~~~~~^^^^^^^^^
  File "/Users/islam/Dev2/JobPulse/backend/venv/lib/python3.13/site-packages/django/template/base.py", line 1052, in render_annotated
    return self.render(context)
           ~~~~~~~~~~~^^^^^^^^^
  File "/Users/islam/Dev2/JobPulse/backend/venv/lib/python3.13/site-packages/django/template/loader_tags.py", line 66, in render
    result = block.nodelist.render(context)
  File "/Users/islam/Dev2/JobPulse/backend/venv/lib/python3.13/site-packages/django/template/base.py", line 1091, in render
    return SafeString("".join([node.render_annotated(context) for node in self]))
                               ~~~~~~~~~~~~~~~~~~~~~^^^^^^^^^
  File "/Users/islam/Dev2/JobPulse/backend/venv/lib/python3.13/site-packages/django/template/base.py", line 1052, in render_annotated
    return self.render(context)
           ~~~~~~~~~~~^^^^^^^^^
  File "/Users/islam/Dev2/JobPulse/backend/venv/lib/python3.13/site-packages/django/template/loader_tags.py", line 66, in render
    result = block.nodelist.render(context)
  File "/Users/islam/Dev2/JobPulse/backend/venv/lib/python3.13/site-packages/django/template/base.py", line 1091, in render
    return SafeString("".join([node.render_annotated(context) for node in self]))
                               ~~~~~~~~~~~~~~~~~~~~~^^^^^^^^^
  File "/Users/islam/Dev2/JobPulse/backend/venv/lib/python3.13/site-packages/django/template/base.py", line 1052, in render_annotated
    return self.render(context)
           ~~~~~~~~~~~^^^^^^^^^
  File "/Users/islam/Dev2/JobPulse/backend/venv/lib/python3.13/site-packages/django/contrib/admin/templatetags/base.py", line 47, in render
    return super().render(context)
           ~~~~~~~~~~~~~~^^^^^^^^^
  File "/Users/islam/Dev2/JobPulse/backend/venv/lib/python3.13/site-packages/django/template/library.py", line 363, in render
    _dict = self.func(*resolved_args, **resolved_kwargs)
  File "/Users/islam/Dev2/JobPulse/backend/venv/lib/python3.13/site-packages/django/contrib/admin/templatetags/admin_list.py", line 357, in result_list
    "results": list(results(cl)),
               ~~~~^^^^^^^^^^^^^
  File "/Users/islam/Dev2/JobPulse/backend/venv/lib/python3.13/site-packages/django/contrib/admin/templatetags/admin_list.py", line 333, in results
    yield ResultList(None, items_for_result(cl, res, None))
          ~~~~~~~~~~^^^^^^^^^^^^^^^^^^^^^^^^^^^^^^^^^^^^^^^
  File "/Users/islam/Dev2/JobPulse/backend/venv/lib/python3.13/site-packages/django/contrib/admin/templatetags/admin_list.py", line 324, in __init__
    super().__init__(*items)
    ~~~~~~~~~~~~~~~~^^^^^^^^
  File "/Users/islam/Dev2/JobPulse/backend/venv/lib/python3.13/site-packages/django/contrib/admin/templatetags/admin_list.py", line 221, in items_for_result
    f, attr, value = lookup_field(field_name, result, cl.model_admin)
                     ~~~~~~~~~~~~^^^^^^^^^^^^^^^^^^^^^^^^^^^^^^^^^^^^
  File "/Users/islam/Dev2/JobPulse/backend/venv/lib/python3.13/site-packages/django/contrib/admin/utils.py", line 302, in lookup_field
    value = attr(obj)
  File "/Users/islam/Dev2/JobPulse/backend/apps/broadcastprompt/admin.py", line 50, in status_badge
    return format_html(
        '<span style="color: orange; font-weight: bold;">● Черновик</span>'
    )
  File "/Users/islam/Dev2/JobPulse/backend/venv/lib/python3.13/site-packages/django/utils/html.py", line 137, in format_html
    raise TypeError("args or kwargs must be provided.")
TypeError: args or kwargs must be provided.
ERROR 2026-01-02 22:19:11,162 log 5821 6132412416 "GET /admin/broadcastprompt/broadcastmessage/ HTTP/1.1" 500 434515
ERROR 2026-01-02 22:24:34,744 log 5981 6192459776 Internal Server Error: /admin/broadcastprompt/broadcastmessage/8/change/
Traceback (most recent call last):
  File "/Users/islam/Dev2/JobPulse/backend/venv/lib/python3.13/site-packages/django/core/handlers/exception.py", line 55, in inner
    response = get_response(request)
  File "/Users/islam/Dev2/JobPulse/backend/venv/lib/python3.13/site-packages/django/core/handlers/base.py", line 198, in _get_response
    response = wrapped_callback(request, *callback_args, **callback_kwargs)
  File "/Users/islam/Dev2/JobPulse/backend/venv/lib/python3.13/site-packages/django/contrib/admin/options.py", line 710, in wrapper
    return self.admin_site.admin_view(view)(*args, **kwargs)
           ~~~~~~~~~~~~~~~~~~~~~~~~~~~~~~~~^^^^^^^^^^^^^^^^^
  File "/Users/islam/Dev2/JobPulse/backend/venv/lib/python3.13/site-packages/django/utils/decorators.py", line 192, in _view_wrapper
    result = _process_exception(request, e)
  File "/Users/islam/Dev2/JobPulse/backend/venv/lib/python3.13/site-packages/django/utils/decorators.py", line 190, in _view_wrapper
    response = view_func(request, *args, **kwargs)
  File "/Users/islam/Dev2/JobPulse/backend/venv/lib/python3.13/site-packages/django/views/decorators/cache.py", line 80, in _view_wrapper
    response = view_func(request, *args, **kwargs)
  File "/Users/islam/Dev2/JobPulse/backend/venv/lib/python3.13/site-packages/django/contrib/admin/sites.py", line 247, in inner
    return view(request, *args, **kwargs)
  File "/Users/islam/Dev2/JobPulse/backend/venv/lib/python3.13/site-packages/django/contrib/admin/options.py", line 1945, in change_view
    return self.changeform_view(request, object_id, form_url, extra_context)
           ~~~~~~~~~~~~~~~~~~~~^^^^^^^^^^^^^^^^^^^^^^^^^^^^^^^^^^^^^^^^^^^^^
  File "/Users/islam/Dev2/JobPulse/backend/venv/lib/python3.13/site-packages/django/utils/decorators.py", line 48, in _wrapper
    return bound_method(*args, **kwargs)
  File "/Users/islam/Dev2/JobPulse/backend/venv/lib/python3.13/site-packages/django/utils/decorators.py", line 192, in _view_wrapper
    result = _process_exception(request, e)
  File "/Users/islam/Dev2/JobPulse/backend/venv/lib/python3.13/site-packages/django/utils/decorators.py", line 190, in _view_wrapper
    response = view_func(request, *args, **kwargs)
  File "/Users/islam/Dev2/JobPulse/backend/venv/lib/python3.13/site-packages/django/contrib/admin/options.py", line 1801, in changeform_view
    return self._changeform_view(request, object_id, form_url, extra_context)
           ~~~~~~~~~~~~~~~~~~~~~^^^^^^^^^^^^^^^^^^^^^^^^^^^^^^^^^^^^^^^^^^^^^
  File "/Users/islam/Dev2/JobPulse/backend/venv/lib/python3.13/site-packages/django/contrib/admin/options.py", line 1852, in _changeform_view
    self.save_model(request, new_object, form, not add)
    ~~~~~~~~~~~~~~~^^^^^^^^^^^^^^^^^^^^^^^^^^^^^^^^^^^^
  File "/Users/islam/Dev2/JobPulse/backend/venv/lib/python3.13/site-packages/django/contrib/admin/options.py", line 1272, in save_model
    obj.save()
    ~~~~~~~~^^
  File "/Users/islam/Dev2/JobPulse/backend/venv/lib/python3.13/site-packages/django/db/models/base.py", line 874, in save
    self.save_base(
    ~~~~~~~~~~~~~~^
        using=using,
        ^^^^^^^^^^^^
    ...<2 lines>...
        update_fields=update_fields,
        ^^^^^^^^^^^^^^^^^^^^^^^^^^^^
    )
    ^
  File "/Users/islam/Dev2/JobPulse/backend/venv/lib/python3.13/site-packages/django/db/models/base.py", line 981, in save_base
    post_save.send(
    ~~~~~~~~~~~~~~^
        sender=origin,
        ^^^^^^^^^^^^^^
    ...<4 lines>...
        using=using,
        ^^^^^^^^^^^^
    )
    ^
  File "/Users/islam/Dev2/JobPulse/backend/venv/lib/python3.13/site-packages/django/dispatch/dispatcher.py", line 209, in send
    response = receiver(signal=self, sender=sender, **named)
  File "/Users/islam/Dev2/JobPulse/backend/apps/broadcastprompt/signals.py", line 10, in broadcast_post_save
    send_broadcast_message(instance)
    ~~~~~~~~~~~~~~~~~~~~~~^^^^^^^^^^
  File "/Users/islam/Dev2/JobPulse/backend/apps/broadcastprompt/services.py", line 8, in send_broadcast_message
    users = TGUser.objects.exclude(telegram_id__isnull=True)
            ^^^^^^
NameError: name 'TGUser' is not defined. Did you mean: 'User'?
ERROR 2026-01-02 22:24:34,749 log 5981 6192459776 "POST /admin/broadcastprompt/broadcastmessage/8/change/ HTTP/1.1" 500 156993
ERROR 2026-01-04 19:57:23,496 tasks 3883 8482359360 Ошибка получения деталей вакансии 129184692: 403 Client Error: Forbidden for url: https://api.hh.ru/vacancies/129184692
ERROR 2026-01-04 19:57:23,816 tasks 3883 8482359360 Ошибка получения деталей вакансии 129186649: 403 Client Error: Forbidden for url: https://api.hh.ru/vacancies/129186649
ERROR 2026-01-04 19:57:24,100 tasks 3883 8482359360 Ошибка получения деталей вакансии 129183802: 403 Client Error: Forbidden for url: https://api.hh.ru/vacancies/129183802
ERROR 2026-01-04 19:57:24,370 tasks 3883 8482359360 Ошибка получения деталей вакансии 129184891: 403 Client Error: Forbidden for url: https://api.hh.ru/vacancies/129184891
ERROR 2026-01-04 19:57:24,672 tasks 3883 8482359360 Ошибка получения деталей вакансии 129182322: 403 Client Error: Forbidden for url: https://api.hh.ru/vacancies/129182322
ERROR 2026-01-04 19:57:24,982 tasks 3883 8482359360 Ошибка получения деталей вакансии 129185092: 403 Client Error: Forbidden for url: https://api.hh.ru/vacancies/129185092
ERROR 2026-01-04 19:57:25,286 tasks 3883 8482359360 Ошибка получения деталей вакансии 129186251: 403 Client Error: Forbidden for url: https://api.hh.ru/vacancies/129186251
ERROR 2026-01-04 19:57:25,617 tasks 3883 8482359360 Ошибка получения деталей вакансии 129135832: 403 Client Error: Forbidden for url: https://api.hh.ru/vacancies/129135832
ERROR 2026-01-04 19:57:25,950 tasks 3883 8482359360 Ошибка получения деталей вакансии 129136492: 403 Client Error: Forbidden for url: https://api.hh.ru/vacancies/129136492
ERROR 2026-01-04 19:57:26,261 tasks 3883 8482359360 Ошибка получения деталей вакансии 129144191: 403 Client Error: Forbidden for url: https://api.hh.ru/vacancies/129144191
ERROR 2026-01-04 19:57:26,591 tasks 3883 8482359360 Ошибка получения деталей вакансии 129184581: 403 Client Error: Forbidden for url: https://api.hh.ru/vacancies/129184581
ERROR 2026-01-04 19:57:26,902 tasks 3883 8482359360 Ошибка получения деталей вакансии 129150733: 403 Client Error: Forbidden for url: https://api.hh.ru/vacancies/129150733
ERROR 2026-01-04 19:57:27,239 tasks 3883 8482359360 Ошибка получения деталей вакансии 129083015: 403 Client Error: Forbidden for url: https://api.hh.ru/vacancies/129083015
ERROR 2026-01-04 19:57:27,563 tasks 3883 8482359360 Ошибка получения деталей вакансии 128530443: 403 Client Error: Forbidden for url: https://api.hh.ru/vacancies/128530443
ERROR 2026-01-04 19:57:27,876 tasks 3883 8482359360 Ошибка получения деталей вакансии 129139152: 403 Client Error: Forbidden for url: https://api.hh.ru/vacancies/129139152
ERROR 2026-01-04 19:57:28,187 tasks 3883 8482359360 Ошибка получения деталей вакансии 129174462: 403 Client Error: Forbidden for url: https://api.hh.ru/vacancies/129174462
ERROR 2026-01-04 19:57:28,494 tasks 3883 8482359360 Ошибка получения деталей вакансии 129185168: 403 Client Error: Forbidden for url: https://api.hh.ru/vacancies/129185168
ERROR 2026-01-04 19:57:28,816 tasks 3883 8482359360 Ошибка получения деталей вакансии 128973688: 403 Client Error: Forbidden for url: https://api.hh.ru/vacancies/128973688
ERROR 2026-01-04 19:57:29,141 tasks 3883 8482359360 Ошибка получения деталей вакансии 129183823: 403 Client Error: Forbidden for url: https://api.hh.ru/vacancies/129183823
ERROR 2026-01-04 19:57:29,553 tasks 3883 8482359360 Ошибка получения деталей вакансии 129149659: 403 Client Error: Forbidden for url: https://api.hh.ru/vacancies/129149659
ERROR 2026-01-04 19:57:29,884 tasks 3883 8482359360 Ошибка получения деталей вакансии 129151041: 403 Client Error: Forbidden for url: https://api.hh.ru/vacancies/129151041
ERROR 2026-01-04 19:57:30,197 tasks 3883 8482359360 Ошибка получения деталей вакансии 129146386: 403 Client Error: Forbidden for url: https://api.hh.ru/vacancies/129146386
ERROR 2026-01-04 19:57:30,520 tasks 3883 8482359360 Ошибка получения деталей вакансии 128309328: 403 Client Error: Forbidden for url: https://api.hh.ru/vacancies/128309328
ERROR 2026-01-04 19:57:30,831 tasks 3883 8482359360 Ошибка получения деталей вакансии 129087121: 403 Client Error: Forbidden for url: https://api.hh.ru/vacancies/129087121
ERROR 2026-01-04 19:57:31,147 tasks 3883 8482359360 Ошибка получения деталей вакансии 124277577: 403 Client Error: Forbidden for url: https://api.hh.ru/vacancies/124277577
ERROR 2026-01-04 19:57:31,477 tasks 3883 8482359360 Ошибка получения деталей вакансии 129182032: 403 Client Error: Forbidden for url: https://api.hh.ru/vacancies/129182032
ERROR 2026-01-04 19:57:31,799 tasks 3883 8482359360 Ошибка получения деталей вакансии 129149940: 403 Client Error: Forbidden for url: https://api.hh.ru/vacancies/129149940
ERROR 2026-01-04 19:57:32,126 tasks 3883 8482359360 Ошибка получения деталей вакансии 128661080: 403 Client Error: Forbidden for url: https://api.hh.ru/vacancies/128661080
ERROR 2026-01-04 19:57:32,466 tasks 3883 8482359360 Ошибка получения деталей вакансии 129184586: 403 Client Error: Forbidden for url: https://api.hh.ru/vacancies/129184586
ERROR 2026-01-04 19:57:32,813 tasks 3883 8482359360 Ошибка получения деталей вакансии 129149919: 403 Client Error: Forbidden for url: https://api.hh.ru/vacancies/129149919
ERROR 2026-01-04 19:57:33,123 tasks 3883 8482359360 Ошибка получения деталей вакансии 129181795: 403 Client Error: Forbidden for url: https://api.hh.ru/vacancies/129181795
ERROR 2026-01-04 19:57:33,466 tasks 3883 8482359360 Ошибка получения деталей вакансии 128823848: 403 Client Error: Forbidden for url: https://api.hh.ru/vacancies/128823848
ERROR 2026-01-04 19:57:33,798 tasks 3883 8482359360 Ошибка получения деталей вакансии 128679001: 403 Client Error: Forbidden for url: https://api.hh.ru/vacancies/128679001
ERROR 2026-01-04 19:57:34,128 tasks 3883 8482359360 Ошибка получения деталей вакансии 129186976: 403 Client Error: Forbidden for url: https://api.hh.ru/vacancies/129186976
ERROR 2026-01-04 19:57:34,880 tasks 3883 8482359360 Ошибка получения деталей вакансии 128642147: 403 Client Error: Forbidden for url: https://api.hh.ru/vacancies/128642147
ERROR 2026-01-04 19:57:35,201 tasks 3883 8482359360 Ошибка получения деталей вакансии 128312171: 403 Client Error: Forbidden for url: https://api.hh.ru/vacancies/128312171
ERROR 2026-01-04 19:57:35,509 tasks 3883 8482359360 Ошибка получения деталей вакансии 126194370: 403 Client Error: Forbidden for url: https://api.hh.ru/vacancies/126194370
ERROR 2026-01-04 19:57:35,918 tasks 3883 8482359360 Ошибка получения деталей вакансии 128672210: 403 Client Error: Forbidden for url: https://api.hh.ru/vacancies/128672210
ERROR 2026-01-04 19:57:36,218 tasks 3883 8482359360 Ошибка получения деталей вакансии 128316418: 403 Client Error: Forbidden for url: https://api.hh.ru/vacancies/128316418
ERROR 2026-01-04 19:57:36,763 tasks 3883 8482359360 Ошибка получения деталей вакансии 128659762: 403 Client Error: Forbidden for url: https://api.hh.ru/vacancies/128659762
ERROR 2026-01-04 19:57:37,105 tasks 3883 8482359360 Ошибка получения деталей вакансии 128298620: 403 Client Error: Forbidden for url: https://api.hh.ru/vacancies/128298620
ERROR 2026-01-04 19:57:38,167 tasks 3883 8482359360 Ошибка получения деталей вакансии 128309016: 403 Client Error: Forbidden for url: https://api.hh.ru/vacancies/128309016
ERROR 2026-01-04 19:57:38,490 tasks 3883 8482359360 Ошибка получения деталей вакансии 129135377: 403 Client Error: Forbidden for url: https://api.hh.ru/vacancies/129135377
ERROR 2026-01-04 19:57:38,795 tasks 3883 8482359360 Ошибка получения деталей вакансии 128313002: 403 Client Error: Forbidden for url: https://api.hh.ru/vacancies/128313002
ERROR 2026-01-04 19:57:39,125 tasks 3883 8482359360 Ошибка получения деталей вакансии 127428300: 403 Client Error: Forbidden for url: https://api.hh.ru/vacancies/127428300
ERROR 2026-01-04 19:57:39,444 tasks 3883 8482359360 Ошибка получения деталей вакансии 129150038: 403 Client Error: Forbidden for url: https://api.hh.ru/vacancies/129150038
ERROR 2026-01-04 19:57:39,735 tasks 3883 8482359360 Ошибка получения деталей вакансии 107650257: 403 Client Error: Forbidden for url: https://api.hh.ru/vacancies/107650257
ERROR 2026-01-04 19:57:40,512 tasks 3883 8482359360 Ошибка получения деталей вакансии 128467013: 403 Client Error: Forbidden for url: https://api.hh.ru/vacancies/128467013
ERROR 2026-01-04 19:57:40,849 tasks 3883 8482359360 Ошибка получения деталей вакансии 128864269: 403 Client Error: Forbidden for url: https://api.hh.ru/vacancies/128864269
ERROR 2026-01-04 19:57:41,171 tasks 3883 8482359360 Ошибка получения деталей вакансии 129140716: 403 Client Error: Forbidden for url: https://api.hh.ru/vacancies/129140716
ERROR 2026-01-04 19:57:41,503 tasks 3883 8482359360 Ошибка получения деталей вакансии 128082138: 403 Client Error: Forbidden for url: https://api.hh.ru/vacancies/128082138
ERROR 2026-01-04 19:57:41,819 tasks 3883 8482359360 Ошибка получения деталей вакансии 126387038: 403 Client Error: Forbidden for url: https://api.hh.ru/vacancies/126387038
ERROR 2026-01-04 19:57:42,163 tasks 3883 8482359360 Ошибка получения деталей вакансии 128478489: 403 Client Error: Forbidden for url: https://api.hh.ru/vacancies/128478489
ERROR 2026-01-04 19:57:42,465 tasks 3883 8482359360 Ошибка получения деталей вакансии 128967686: 403 Client Error: Forbidden for url: https://api.hh.ru/vacancies/128967686
ERROR 2026-01-04 19:57:42,852 tasks 3883 8482359360 Ошибка получения деталей вакансии 128485091: 403 Client Error: Forbidden for url: https://api.hh.ru/vacancies/128485091
ERROR 2026-01-04 19:57:43,203 tasks 3883 8482359360 Ошибка получения деталей вакансии 128680768: 403 Client Error: Forbidden for url: https://api.hh.ru/vacancies/128680768
ERROR 2026-01-04 19:57:43,529 tasks 3883 8482359360 Ошибка получения деталей вакансии 128968567: 403 Client Error: Forbidden for url: https://api.hh.ru/vacancies/128968567
ERROR 2026-01-04 19:57:43,876 tasks 3883 8482359360 Ошибка получения деталей вакансии 128652137: 403 Client Error: Forbidden for url: https://api.hh.ru/vacancies/128652137
ERROR 2026-01-04 19:57:44,192 tasks 3883 8482359360 Ошибка получения деталей вакансии 128663172: 403 Client Error: Forbidden for url: https://api.hh.ru/vacancies/128663172
ERROR 2026-01-04 19:57:44,508 tasks 3883 8482359360 Ошибка получения деталей вакансии 128979836: 403 Client Error: Forbidden for url: https://api.hh.ru/vacancies/128979836
ERROR 2026-01-04 19:57:44,881 tasks 3883 8482359360 Ошибка получения деталей вакансии 128484224: 403 Client Error: Forbidden for url: https://api.hh.ru/vacancies/128484224
ERROR 2026-01-04 19:57:45,204 tasks 3883 8482359360 Ошибка получения деталей вакансии 128677756: 403 Client Error: Forbidden for url: https://api.hh.ru/vacancies/128677756
ERROR 2026-01-04 19:57:45,561 tasks 3883 8482359360 Ошибка получения деталей вакансии 128818064: 403 Client Error: Forbidden for url: https://api.hh.ru/vacancies/128818064
ERROR 2026-01-04 19:57:45,873 tasks 3883 8482359360 Ошибка получения деталей вакансии 128541340: 403 Client Error: Forbidden for url: https://api.hh.ru/vacancies/128541340
ERROR 2026-01-04 19:57:46,191 tasks 3883 8482359360 Ошибка получения деталей вакансии 128301437: 403 Client Error: Forbidden for url: https://api.hh.ru/vacancies/128301437
ERROR 2026-01-04 19:57:46,524 tasks 3883 8482359360 Ошибка получения деталей вакансии 128840605: 403 Client Error: Forbidden for url: https://api.hh.ru/vacancies/128840605
ERROR 2026-01-04 19:57:46,860 tasks 3883 8482359360 Ошибка получения деталей вакансии 127716135: 403 Client Error: Forbidden for url: https://api.hh.ru/vacancies/127716135
ERROR 2026-01-04 19:57:47,621 tasks 3883 8482359360 Ошибка получения деталей вакансии 117071187: 403 Client Error: Forbidden for url: https://api.hh.ru/vacancies/117071187
ERROR 2026-01-04 19:57:47,928 tasks 3883 8482359360 Ошибка получения деталей вакансии 128493723: 403 Client Error: Forbidden for url: https://api.hh.ru/vacancies/128493723
ERROR 2026-01-04 19:57:48,255 tasks 3883 8482359360 Ошибка получения деталей вакансии 128674384: 403 Client Error: Forbidden for url: https://api.hh.ru/vacancies/128674384
ERROR 2026-01-04 19:57:48,566 tasks 3883 8482359360 Ошибка получения деталей вакансии 128972736: 403 Client Error: Forbidden for url: https://api.hh.ru/vacancies/128972736
ERROR 2026-01-04 19:57:48,887 tasks 3883 8482359360 Ошибка получения деталей вакансии 128286336: 403 Client Error: Forbidden for url: https://api.hh.ru/vacancies/128286336
ERROR 2026-01-04 19:57:49,221 tasks 3883 8482359360 Ошибка получения деталей вакансии 128547279: 403 Client Error: Forbidden for url: https://api.hh.ru/vacancies/128547279
ERROR 2026-01-04 19:57:49,533 tasks 3883 8482359360 Ошибка получения деталей вакансии 128823140: 403 Client Error: Forbidden for url: https://api.hh.ru/vacancies/128823140
ERROR 2026-01-04 19:57:49,842 tasks 3883 8482359360 Ошибка получения деталей вакансии 128814593: 403 Client Error: Forbidden for url: https://api.hh.ru/vacancies/128814593
ERROR 2026-01-04 19:57:50,175 tasks 3883 8482359360 Ошибка получения деталей вакансии 128677768: 403 Client Error: Forbidden for url: https://api.hh.ru/vacancies/128677768
ERROR 2026-01-04 19:57:50,494 tasks 3883 8482359360 Ошибка получения деталей вакансии 129073707: 403 Client Error: Forbidden for url: https://api.hh.ru/vacancies/129073707
ERROR 2026-01-04 19:57:50,814 tasks 3883 8482359360 Ошибка получения деталей вакансии 128318995: 403 Client Error: Forbidden for url: https://api.hh.ru/vacancies/128318995
ERROR 2026-01-04 19:57:51,121 tasks 3883 8482359360 Ошибка получения деталей вакансии 128491540: 403 Client Error: Forbidden for url: https://api.hh.ru/vacancies/128491540
ERROR 2026-01-04 19:57:51,447 tasks 3883 8482359360 Ошибка получения деталей вакансии 128526619: 403 Client Error: Forbidden for url: https://api.hh.ru/vacancies/128526619
ERROR 2026-01-04 19:57:51,772 tasks 3883 8482359360 Ошибка получения деталей вакансии 128481663: 403 Client Error: Forbidden for url: https://api.hh.ru/vacancies/128481663
ERROR 2026-01-04 19:57:52,107 tasks 3883 8482359360 Ошибка получения деталей вакансии 128812616: 403 Client Error: Forbidden for url: https://api.hh.ru/vacancies/128812616
ERROR 2026-01-04 19:57:52,435 tasks 3883 8482359360 Ошибка получения деталей вакансии 128541244: 403 Client Error: Forbidden for url: https://api.hh.ru/vacancies/128541244
ERROR 2026-01-04 19:57:52,742 tasks 3883 8482359360 Ошибка получения деталей вакансии 128544966: 403 Client Error: Forbidden for url: https://api.hh.ru/vacancies/128544966
ERROR 2026-01-04 19:57:53,051 tasks 3883 8482359360 Ошибка получения деталей вакансии 128542297: 403 Client Error: Forbidden for url: https://api.hh.ru/vacancies/128542297
ERROR 2026-01-04 19:57:53,399 tasks 3883 8482359360 Ошибка получения деталей вакансии 128095313: 403 Client Error: Forbidden for url: https://api.hh.ru/vacancies/128095313
ERROR 2026-01-04 19:57:53,806 tasks 3883 8482359360 Ошибка получения деталей вакансии 128322318: 403 Client Error: Forbidden for url: https://api.hh.ru/vacancies/128322318
ERROR 2026-01-04 19:57:54,136 tasks 3883 8482359360 Ошибка получения деталей вакансии 127952750: 403 Client Error: Forbidden for url: https://api.hh.ru/vacancies/127952750
ERROR 2026-01-04 19:57:54,424 tasks 3883 8482359360 Ошибка получения деталей вакансии 128491451: 403 Client Error: Forbidden for url: https://api.hh.ru/vacancies/128491451
ERROR 2026-01-04 19:57:55,175 tasks 3883 8482359360 Ошибка получения деталей вакансии 129181577: 403 Client Error: Forbidden for url: https://api.hh.ru/vacancies/129181577
ERROR 2026-01-04 19:57:55,438 tasks 3883 8482359360 Ошибка получения деталей вакансии 129131543: 403 Client Error: Forbidden for url: https://api.hh.ru/vacancies/129131543
ERROR 2026-01-04 19:57:55,737 tasks 3883 8482359360 Ошибка получения деталей вакансии 128674384: 403 Client Error: Forbidden for url: https://api.hh.ru/vacancies/128674384
ERROR 2026-01-04 19:57:56,022 tasks 3883 8482359360 Ошибка получения деталей вакансии 128547501: 403 Client Error: Forbidden for url: https://api.hh.ru/vacancies/128547501
ERROR 2026-01-04 19:57:56,313 tasks 3883 8482359360 Ошибка получения деталей вакансии 128547279: 403 Client Error: Forbidden for url: https://api.hh.ru/vacancies/128547279
ERROR 2026-01-04 19:57:56,603 tasks 3883 8482359360 Ошибка получения деталей вакансии 128677768: 403 Client Error: Forbidden for url: https://api.hh.ru/vacancies/128677768
ERROR 2026-01-04 19:57:56,920 tasks 3883 8482359360 Ошибка получения деталей вакансии 127958534: 403 Client Error: Forbidden for url: https://api.hh.ru/vacancies/127958534
ERROR 2026-01-04 19:57:57,222 tasks 3883 8482359360 Ошибка получения деталей вакансии 128677763: 403 Client Error: Forbidden for url: https://api.hh.ru/vacancies/128677763
ERROR 2026-01-04 19:57:57,529 tasks 3883 8482359360 Ошибка получения деталей вакансии 129143120: 403 Client Error: Forbidden for url: https://api.hh.ru/vacancies/129143120
ERROR 2026-01-04 19:57:57,835 tasks 3883 8482359360 Ошибка получения деталей вакансии 128986244: 403 Client Error: Forbidden for url: https://api.hh.ru/vacancies/128986244
ERROR 2026-01-04 19:57:58,152 tasks 3883 8482359360 Ошибка получения деталей вакансии 128968467: 403 Client Error: Forbidden for url: https://api.hh.ru/vacancies/128968467
ERROR 2026-01-04 19:57:58,457 tasks 3883 8482359360 Ошибка получения деталей вакансии 128983449: 403 Client Error: Forbidden for url: https://api.hh.ru/vacancies/128983449
ERROR 2026-01-04 19:57:58,746 tasks 3883 8482359360 Ошибка получения деталей вакансии 128546209: 403 Client Error: Forbidden for url: https://api.hh.ru/vacancies/128546209
ERROR 2026-01-04 19:57:59,056 tasks 3883 8482359360 Ошибка получения деталей вакансии 128812616: 403 Client Error: Forbidden for url: https://api.hh.ru/vacancies/128812616
ERROR 2026-01-04 19:57:59,502 tasks 3883 8482359360 Ошибка получения деталей вакансии 121020929: 403 Client Error: Forbidden for url: https://api.hh.ru/vacancies/121020929
ERROR 2026-01-04 19:59:18,561 tasks 3981 8482359360 ❌ Ошибка парсинга: NOT NULL constraint failed: vacancies_vacancy.currency
